date,demand,sales,transactions,year,month,quarter,day_of_week,day,week_of_year,is_weekend,lag_1,lag_7,lag_14,lag_30,rolling_7,rolling_14,rolling_30
2022-01-31,9661,5964140.87,2612,2022,1,1,0,31,5,0,9896.0,9597.0,9852.0,9529.0,9594.0,9701.0,9656.3
2022-02-01,10078,6384592.36,2770,2022,2,1,1,1,5,0,9661.0,9840.0,9824.0,9637.0,9603.142857142857,9687.357142857143,9660.7
2022-02-02,10319,6120254.01,2832,2022,2,1,2,2,5,0,10078.0,9611.0,9737.0,9679.0,9637.142857142857,9705.5,9675.4
2022-02-03,10211,6215417.17,2815,2022,2,1,3,3,5,0,10319.0,9427.0,9621.0,9749.0,9738.285714285714,9747.07142857143,9696.733333333334
2022-02-04,10122,5807356.47,2777,2022,2,1,4,4,5,0,10211.0,9163.0,9825.0,9320.0,9850.285714285714,9789.214285714286,9712.133333333333
2022-02-05,10260,6074064.45,2808,2022,2,1,5,5,5,1,10122.0,9624.0,10153.0,9464.0,9987.285714285714,9810.42857142857,9738.866666666667
2022-02-06,9805,5805366.23,2714,2022,2,1,6,6,5,1,10260.0,9896.0,9644.0,9563.0,10078.142857142857,9818.07142857143,9765.4
2022-02-07,9577,5415173.18,2663,2022,2,1,0,7,6,0,9805.0,9661.0,9597.0,9640.0,10065.142857142857,9829.57142857143,9773.466666666667
2022-02-08,9922,5884836.01,2789,2022,2,1,1,8,6,0,9577.0,10078.0,9840.0,9249.0,10053.142857142857,9828.142857142857,9771.366666666667
2022-02-09,10171,5920920.88,2781,2022,2,1,2,9,6,0,9922.0,10319.0,9611.0,9605.0,10030.857142857143,9834.0,9793.8
2022-02-10,9448,5640150.57,2669,2022,2,1,3,10,6,0,10171.0,10211.0,9427.0,9983.0,10009.714285714286,9874.0,9812.666666666666
2022-02-11,9638,5725766.71,2714,2022,2,1,4,11,6,0,9448.0,10122.0,9163.0,9838.0,9900.714285714286,9875.5,9794.833333333334
2022-02-12,9974,6095391.92,2790,2022,2,1,5,12,6,1,9638.0,10260.0,9624.0,9447.0,9831.57142857143,9909.42857142857,9788.166666666666
2022-02-13,10240,6170786.15,2855,2022,2,1,6,13,6,1,9974.0,9805.0,9896.0,9639.0,9790.714285714286,9934.42857142857,9805.733333333334
2022-02-14,10016,6137289.29,2718,2022,2,1,0,14,7,0,10240.0,9577.0,9661.0,9570.0,9852.857142857143,9959.0,9825.766666666666
2022-02-15,9616,5996364.83,2671,2022,2,1,1,15,7,0,10016.0,9922.0,10078.0,9963.0,9915.57142857143,9984.357142857143,9840.633333333333
2022-02-16,10373,6497608.12,2815,2022,2,1,2,16,7,0,9616.0,10171.0,10319.0,9852.0,9871.857142857143,9951.357142857143,9829.066666666668
2022-02-17,10451,6426806.92,2814,2022,2,1,3,17,7,0,10373.0,9448.0,10211.0,9824.0,9900.714285714286,9955.214285714286,9846.433333333332
2022-02-18,10061,6345341.72,2763,2022,2,1,4,18,7,0,10451.0,9638.0,10122.0,9737.0,10044.0,9972.357142857143,9867.333333333334
2022-02-19,9924,6140233.45,2782,2022,2,1,5,19,7,1,10061.0,9974.0,10260.0,9621.0,10104.42857142857,9968.0,9878.133333333333
2022-02-20,9846,6287405.3,2731,2022,2,1,6,20,7,1,9924.0,10240.0,9805.0,9825.0,10097.285714285714,9944.0,9888.233333333334
2022-02-21,9930,6160042.27,2733,2022,2,1,0,21,8,0,9846.0,10016.0,9577.0,10153.0,10041.0,9946.92857142857,9888.933333333332
2022-02-22,9965,6116958.5,2785,2022,2,1,1,22,8,0,9930.0,9616.0,9922.0,9644.0,10028.714285714286,9972.142857142857,9881.5
2022-02-23,10009,6296108.29,2779,2022,2,1,2,23,8,0,9965.0,10373.0,10171.0,9597.0,10078.57142857143,9975.214285714286,9892.2
2022-02-24,9832,6133962.42,2702,2022,2,1,3,24,8,0,10009.0,10451.0,9448.0,9840.0,10026.57142857143,9963.642857142857,9905.933333333332
2022-02-25,10238,6445713.67,2796,2022,2,1,4,25,8,0,9832.0,10061.0,9638.0,9611.0,9938.142857142857,9991.07142857143,9905.666666666666
2022-02-26,9880,6216953.95,2700,2022,2,1,5,26,8,1,10238.0,9924.0,9974.0,9427.0,9963.42857142857,10033.92857142857,9926.566666666668
2022-02-27,9910,6180584.63,2685,2022,2,1,6,27,8,1,9880.0,9846.0,10240.0,9163.0,9957.142857142857,10027.214285714286,9941.666666666666
2022-02-28,9893,6153131.27,2814,2022,2,1,0,28,9,0,9910.0,9930.0,10016.0,9624.0,9966.285714285714,10003.642857142857,9966.566666666668
2022-03-01,10570,6549584.91,2992,2022,3,1,1,1,9,0,9893.0,9965.0,9616.0,9896.0,9961.0,9994.857142857143,9975.533333333333
2022-03-02,10400,6372958.99,2853,2022,3,1,2,2,9,0,10570.0,10009.0,10373.0,9661.0,10047.42857142857,10063.0,9998.0
2022-03-03,10717,6461227.27,2931,2022,3,1,3,3,9,0,10400.0,9832.0,10451.0,10078.0,10103.285714285714,10064.92857142857,10022.633333333333
2022-03-04,10849,6635690.67,3022,2022,3,1,4,4,9,0,10717.0,10238.0,10061.0,10319.0,10229.714285714286,10083.92857142857,10043.933333333332
2022-03-05,10711,6655916.29,2962,2022,3,1,5,5,9,1,10849.0,9880.0,9924.0,10211.0,10317.0,10140.214285714286,10061.6
2022-03-06,11029,6701119.22,3018,2022,3,1,6,6,9,1,10711.0,9910.0,9846.0,10122.0,10435.714285714286,10196.42857142857,10078.266666666666
2022-03-07,10657,6377874.03,2940,2022,3,1,0,7,10,0,11029.0,9893.0,9930.0,10260.0,10595.57142857143,10280.92857142857,10108.5
2022-03-08,10794,6729190.18,2972,2022,3,1,1,8,10,0,10657.0,10570.0,9965.0,9805.0,10704.714285714286,10332.857142857143,10121.733333333334
2022-03-09,10846,6430344.66,2966,2022,3,1,2,9,10,0,10794.0,10400.0,10009.0,9577.0,10736.714285714286,10392.07142857143,10154.7
2022-03-10,10763,6782109.52,2976,2022,3,1,3,10,10,0,10846.0,10717.0,9832.0,9922.0,10800.42857142857,10451.857142857143,10197.0
2022-03-11,10519,6365006.84,2918,2022,3,1,4,11,10,0,10763.0,10849.0,10238.0,10171.0,10807.0,10518.357142857143,10225.033333333333
2022-03-12,10904,6704636.93,3040,2022,3,1,5,12,10,1,10519.0,10711.0,9880.0,9448.0,10759.857142857143,10538.42857142857,10236.633333333333
2022-03-13,10117,6291328.82,2892,2022,3,1,6,13,10,1,10904.0,11029.0,9910.0,9638.0,10787.42857142857,10611.57142857143,10285.166666666666
2022-03-14,10755,6618235.48,2988,2022,3,1,0,14,11,0,10117.0,10657.0,9893.0,9974.0,10657.142857142857,10626.357142857143,10301.133333333333
2022-03-15,10771,6839970.38,3053,2022,3,1,1,15,11,0,10755.0,10794.0,10570.0,10240.0,10671.142857142857,10687.92857142857,10327.166666666666
2022-03-16,11019,6896860.35,3054,2022,3,1,2,16,11,0,10771.0,10846.0,10400.0,10016.0,10667.857142857143,10702.285714285714,10344.866666666667
2022-03-17,10902,6788753.91,2978,2022,3,1,3,17,11,0,11019.0,10763.0,10717.0,9616.0,10692.57142857143,10746.5,10378.3
2022-03-18,10911,6671605.73,3005,2022,3,1,4,18,11,0,10902.0,10519.0,10849.0,10373.0,10712.42857142857,10759.714285714286,10421.166666666666
2022-03-19,10182,6188930.82,2900,2022,3,1,5,19,11,1,10911.0,10904.0,10711.0,10451.0,10768.42857142857,10764.142857142857,10439.1
2022-03-20,10908,6551228.1,2996,2022,3,1,6,20,11,1,10182.0,10117.0,11029.0,10061.0,10665.285714285714,10726.357142857143,10430.133333333333
2022-03-21,10604,6629607.78,3010,2022,3,1,0,21,12,0,10908.0,10755.0,10657.0,9924.0,10778.285714285714,10717.714285714286,10458.366666666667
2022-03-22,11080,6584110.34,3060,2022,3,1,1,22,12,0,10604.0,10771.0,10794.0,9846.0,10756.714285714286,10713.92857142857,10481.033333333333
2022-03-23,10985,6625828.15,3013,2022,3,1,2,23,12,0,11080.0,11019.0,10846.0,9930.0,10800.857142857143,10734.357142857143,10522.166666666666
2022-03-24,10880,6659270.07,2998,2022,3,1,3,24,12,0,10985.0,10902.0,10763.0,9965.0,10796.0,10744.285714285714,10557.333333333334
2022-03-25,10680,6468493.06,2924,2022,3,1,4,25,12,0,10880.0,10911.0,10519.0,10009.0,10792.857142857143,10752.642857142857,10587.833333333334
2022-03-26,10353,6356951.29,2859,2022,3,1,5,26,12,1,10680.0,10182.0,10904.0,9832.0,10759.857142857143,10764.142857142857,10610.2
2022-03-27,10480,6371049.88,2856,2022,3,1,6,27,12,1,10353.0,10908.0,10117.0,10238.0,10784.285714285714,10724.785714285714,10627.566666666668
2022-03-28,10646,6583927.45,2977,2022,3,1,0,28,13,0,10480.0,10604.0,10755.0,9880.0,10723.142857142857,10750.714285714286,10635.633333333333
2022-03-29,10815,6932972.71,3043,2022,3,1,1,29,13,0,10646.0,11080.0,10771.0,9910.0,10729.142857142857,10742.92857142857,10661.166666666666
2022-03-30,10595,6605488.74,2928,2022,3,1,2,30,13,0,10815.0,10985.0,11019.0,9893.0,10691.285714285714,10746.07142857143,10691.333333333334
2022-03-31,10659,6564495.38,2972,2022,3,1,3,31,13,0,10595.0,10880.0,10902.0,10570.0,10635.57142857143,10715.785714285714,10714.733333333334
2022-04-01,11022,6847787.72,3003,2022,4,2,4,1,13,0,10659.0,10680.0,10911.0,10400.0,10604.0,10698.42857142857,10717.7
2022-04-02,11235,6945124.22,3113,2022,4,2,5,2,13,1,11022.0,10353.0,10182.0,10717.0,10652.857142857143,10706.357142857143,10738.433333333332
2022-04-03,10928,6840208.89,2993,2022,4,2,6,3,13,1,11235.0,10480.0,10908.0,10849.0,10778.857142857143,10781.57142857143,10755.7
2022-04-04,11217,6932242.01,3084,2022,4,2,0,4,14,0,10928.0,10646.0,10604.0,10711.0,10842.857142857143,10783.0,10758.333333333334
2022-04-05,11010,6932540.22,3107,2022,4,2,1,5,14,0,11217.0,10815.0,11080.0,11029.0,10924.42857142857,10826.785714285714,10775.2
2022-04-06,10971,6945564.63,3027,2022,4,2,2,6,14,0,11010.0,10595.0,10985.0,10657.0,10952.285714285714,10821.785714285714,10774.566666666668
2022-04-07,10627,6517537.9,3009,2022,4,2,3,7,14,0,10971.0,10659.0,10880.0,10794.0,11006.0,10820.785714285714,10785.033333333333
2022-04-08,11318,6857826.89,3094,2022,4,2,4,8,14,0,10627.0,11022.0,10680.0,10846.0,11001.42857142857,10802.714285714286,10779.466666666667
2022-04-09,11033,6937108.35,3048,2022,4,2,5,9,14,1,11318.0,11235.0,10353.0,10763.0,11043.714285714286,10848.285714285714,10795.2
2022-04-10,11127,7037603.28,3055,2022,4,2,6,10,14,1,11033.0,10928.0,10480.0,10519.0,11014.857142857143,10896.857142857143,10804.2
2022-04-11,10820,6857990.74,3017,2022,4,2,0,11,15,0,11127.0,11217.0,10646.0,10904.0,11043.285714285714,10943.07142857143,10824.466666666667
2022-04-12,11280,7067945.8,3151,2022,4,2,1,12,15,0,10820.0,11010.0,10815.0,10117.0,10986.57142857143,10955.5,10821.666666666666
2022-04-13,11321,7098280.51,3170,2022,4,2,2,13,15,0,11280.0,10971.0,10595.0,10755.0,11025.142857142857,10988.714285714286,10860.433333333332
2022-04-14,10903,6809906.59,2945,2022,4,2,3,14,15,0,11321.0,10627.0,10659.0,10771.0,11075.142857142857,11040.57142857143,10879.3
2022-04-15,11124,6653394.1,3014,2022,4,2,4,15,15,0,10903.0,11318.0,11022.0,11019.0,11114.57142857143,11058.0,10883.7
2022-04-16,11433,7318659.9799999995,3119,2022,4,2,5,16,15,1,11124.0,11033.0,11235.0,10902.0,11086.857142857143,11065.285714285714,10887.2
2022-04-17,11116,6776395.13,3040,2022,4,2,6,17,15,1,11433.0,11127.0,10928.0,10911.0,11144.0,11079.42857142857,10904.9
2022-04-18,11104,6691449.62,3063,2022,4,2,0,18,16,0,11116.0,10820.0,11217.0,10182.0,11142.42857142857,11092.857142857143,10911.733333333334
2022-04-19,11131,6804194.16,3062,2022,4,2,1,19,16,0,11104.0,11280.0,11010.0,10908.0,11183.0,11084.785714285714,10942.466666666667
2022-04-20,10892,6810793.05,2966,2022,4,2,2,20,16,0,11131.0,11321.0,10971.0,10604.0,11161.714285714286,11093.42857142857,10949.9
2022-04-21,10928,6693968.63,3004,2022,4,2,3,21,16,0,10892.0,10903.0,10627.0,11080.0,11100.42857142857,11087.785714285714,10959.5
2022-04-22,10724,6547429.6,3023,2022,4,2,4,22,16,0,10928.0,11124.0,11318.0,10985.0,11104.0,11109.285714285714,10954.433333333332
2022-04-23,10660,6631432.72,2966,2022,4,2,5,23,16,1,10724.0,11433.0,11033.0,10880.0,11046.857142857143,11066.857142857143,10945.733333333334
2022-04-24,11308,7142095.02,3136,2022,4,2,6,24,16,1,10660.0,11116.0,11127.0,10680.0,10936.42857142857,11040.214285714286,10938.4
2022-04-25,10370,6199699.67,2904,2022,4,2,0,25,17,0,11308.0,11104.0,10820.0,10353.0,10963.857142857143,11053.142857142857,10959.333333333334
2022-04-26,10856,6830664.41,3006,2022,4,2,1,26,17,0,10370.0,11131.0,11280.0,10480.0,10859.0,11021.0,10959.9
2022-04-27,11149,6829547.15,3052,2022,4,2,2,27,17,0,10856.0,10892.0,11321.0,10646.0,10819.714285714286,10990.714285714286,10972.433333333332
2022-04-28,10987,6614192.52,3000,2022,4,2,3,28,17,0,11149.0,10928.0,10903.0,10815.0,10856.42857142857,10978.42857142857,10989.2
2022-04-29,10882,6768158.01,2995,2022,4,2,4,29,17,0,10987.0,10724.0,11124.0,10595.0,10864.857142857143,10984.42857142857,10994.933333333332
2022-04-30,10781,6805130.62,3009,2022,4,2,5,30,17,1,10882.0,10660.0,11433.0,10659.0,10887.42857142857,10967.142857142857,11004.5
2022-05-01,11625,7263151.76,3177,2022,5,2,6,1,17,1,10781.0,11308.0,11116.0,11022.0,10904.714285714286,10920.57142857143,11008.566666666668
2022-05-02,11187,6848888.95,3093,2022,5,2,0,2,18,0,11625.0,10370.0,11104.0,11235.0,10950.0,10956.92857142857,11028.666666666666
2022-05-03,11646,7403951.84,3173,2022,5,2,1,3,18,0,11187.0,10856.0,11131.0,10928.0,11066.714285714286,10962.857142857143,11027.066666666668
2022-05-04,11340,7007193.42,3156,2022,5,2,2,4,18,0,11646.0,11149.0,10892.0,11217.0,11179.57142857143,10999.642857142857,11051.0
2022-05-05,10982,6782928.66,3121,2022,5,2,3,5,18,0,11340.0,10987.0,10928.0,11010.0,11206.857142857143,11031.642857142857,11055.1
2022-05-06,11097,6945281.54,3086,2022,5,2,4,6,18,0,10982.0,10882.0,10724.0,10971.0,11206.142857142857,11035.5,11054.166666666666
2022-05-07,11370,7082436.1,3143,2022,5,2,5,7,18,1,11097.0,10781.0,10660.0,10627.0,11236.857142857143,11062.142857142857,11058.366666666667
2022-05-08,11444,6989737.3,3154,2022,5,2,6,8,18,1,11370.0,11625.0,11308.0,11318.0,11321.0,11112.857142857143,11083.133333333333
2022-05-09,11377,7111023.94,3026,2022,5,2,0,9,19,0,11444.0,11187.0,10370.0,11033.0,11295.142857142857,11122.57142857143,11087.333333333334
2022-05-10,11324,6969688.35,3163,2022,5,2,1,10,19,0,11377.0,11646.0,10856.0,11127.0,11322.285714285714,11194.5,11098.8
2022-05-11,11147,6839561.89,3110,2022,5,2,2,11,19,0,11324.0,11340.0,11149.0,10820.0,11276.285714285714,11227.92857142857,11105.366666666667
2022-05-12,11325,7027753.1,3068,2022,5,2,3,12,19,0,11147.0,10982.0,10987.0,11280.0,11248.714285714286,11227.785714285714,11116.266666666666
2022-05-13,11570,7217814.91,3184,2022,5,2,4,13,19,0,11325.0,11097.0,10882.0,11321.0,11297.714285714286,11251.92857142857,11117.766666666666
2022-05-14,11123,6742744.85,3084,2022,5,2,5,14,19,1,11570.0,11370.0,10781.0,10903.0,11365.285714285714,11301.07142857143,11126.066666666668
2022-05-15,10851,6700204.06,3030,2022,5,2,6,15,19,1,11123.0,11444.0,11625.0,11124.0,11330.0,11325.5,11133.4
2022-05-16,11737,7345255.92,3212,2022,5,2,0,16,20,0,10851.0,11377.0,11187.0,11433.0,11245.285714285714,11270.214285714286,11124.3
2022-05-17,11549,7127651.23,3160,2022,5,2,1,17,20,0,11737.0,11324.0,11646.0,11116.0,11296.714285714286,11309.5,11134.433333333332
2022-05-18,11040,6706526.02,3042,2022,5,2,2,18,20,0,11549.0,11147.0,11340.0,11104.0,11328.857142857143,11302.57142857143,11148.866666666667
2022-05-19,11396,6884518.39,3109,2022,5,2,3,19,20,0,11040.0,11325.0,10982.0,11131.0,11313.57142857143,11281.142857142857,11146.733333333334
2022-05-20,11367,7100459.57,3075,2022,5,2,4,20,20,0,11396.0,11570.0,11097.0,10892.0,11323.714285714286,11310.714285714286,11155.566666666668
2022-05-21,11374,7224553.18,3114,2022,5,2,5,21,20,1,11367.0,11123.0,11370.0,10928.0,11294.714285714286,11330.0,11171.4
2022-05-22,11197,6990645.73,3122,2022,5,2,6,22,20,1,11374.0,10851.0,11444.0,10724.0,11330.57142857143,11330.285714285714,11186.266666666666
2022-05-23,11575,7438677.59,3201,2022,5,2,0,23,21,0,11197.0,11737.0,11377.0,10660.0,11380.0,11312.642857142857,11202.033333333333
2022-05-24,11345,7068772.57,3147,2022,5,2,1,24,21,0,11575.0,11549.0,11324.0,11308.0,11356.857142857143,11326.785714285714,11232.533333333333
2022-05-25,11647,7214651.17,3115,2022,5,2,2,25,21,0,11345.0,11040.0,11147.0,10370.0,11327.714285714286,11328.285714285714,11233.766666666666
2022-05-26,11337,6983681.62,3091,2022,5,2,3,26,21,0,11647.0,11396.0,11325.0,10856.0,11414.42857142857,11364.0,11276.333333333334
2022-05-27,11259,7156483.88,3099,2022,5,2,4,27,21,0,11337.0,11367.0,11570.0,11149.0,11406.0,11364.857142857143,11292.366666666667
2022-05-28,11152,3903383.57,3132,2022,5,2,5,28,21,1,11259.0,11374.0,11123.0,10987.0,11390.57142857143,11342.642857142857,11296.033333333333
2022-05-29,11446,4053240.35,3141,2022,5,2,6,29,21,1,11152.0,11197.0,10851.0,10882.0,11358.857142857143,11344.714285714286,11301.533333333333
2022-05-30,11143,4008766.32,3026,2022,5,2,0,30,22,0,11446.0,11575.0,11737.0,10781.0,11394.42857142857,11387.214285714286,11320.333333333334
2022-05-31,11154,3911350.81,3070,2022,5,2,1,31,22,0,11143.0,11345.0,11549.0,11625.0,11332.714285714286,11344.785714285714,11332.4
2022-06-01,11838,4206623.69,3245,2022,6,2,2,1,22,0,11154.0,11647.0,11040.0,11187.0,11305.42857142857,11316.57142857143,11316.7
2022-06-02,11779,4190823.45,3240,2022,6,2,3,2,22,0,11838.0,11337.0,11396.0,11646.0,11332.714285714286,11373.57142857143,11338.4
2022-06-03,11776,4210010.4,3236,2022,6,2,4,3,22,0,11779.0,11259.0,11367.0,11340.0,11395.857142857143,11400.92857142857,11342.833333333334
2022-06-04,11754,4163737.5,3192,2022,6,2,5,4,22,1,11776.0,11152.0,11374.0,10982.0,11469.714285714286,11430.142857142857,11357.366666666667
2022-06-05,11395,4036738.92,3160,2022,6,2,6,5,22,1,11754.0,11446.0,11197.0,11097.0,11555.714285714286,11457.285714285714,11383.1
2022-06-06,11713,4225467.11,3246,2022,6,2,0,6,23,0,11395.0,11143.0,11575.0,11370.0,11548.42857142857,11471.42857142857,11393.033333333333
2022-06-07,11946,4276553.56,3255,2022,6,2,1,7,23,0,11713.0,11154.0,11345.0,11444.0,11629.857142857143,11481.285714285714,11404.466666666667
2022-06-08,12129,4269407.03,3303,2022,6,2,2,8,23,0,11946.0,11838.0,11647.0,11377.0,11743.0,11524.214285714286,11421.2
2022-06-09,11803,4201417.79,3258,2022,6,2,3,9,23,0,12129.0,11779.0,11337.0,11324.0,11784.57142857143,11558.642857142857,11446.266666666666
2022-06-10,11954,4270871.32,3250,2022,6,2,4,10,23,0,11803.0,11776.0,11259.0,11147.0,11788.0,11591.92857142857,11462.233333333334
2022-06-11,12240,4395551.17,3320,2022,6,2,5,11,23,1,11954.0,11754.0,11152.0,11325.0,11813.42857142857,11641.57142857143,11489.133333333333
2022-06-12,11868,4191338.96,3231,2022,6,2,6,12,23,1,12240.0,11395.0,11446.0,11570.0,11882.857142857143,11719.285714285714,11519.633333333333
2022-06-13,11704,4166035.0,3281,2022,6,2,0,13,24,0,11868.0,11713.0,11143.0,11123.0,11950.42857142857,11749.42857142857,11529.566666666668
2022-06-14,11904,4287226.51,3254,2022,6,2,1,14,24,0,11704.0,11946.0,11154.0,10851.0,11949.142857142857,11789.5,11548.933333333332
2022-06-15,11677,4202780.96,3270,2022,6,2,2,15,24,0,11904.0,12129.0,11838.0,11737.0,11943.142857142857,11843.07142857143,11584.033333333333
2022-06-16,11806,4182078.86,3306,2022,6,2,3,16,24,0,11677.0,11803.0,11779.0,11549.0,11878.57142857143,11831.57142857143,11582.033333333333
2022-06-17,11629,4130826.94,3203,2022,6,2,4,17,24,0,11806.0,11954.0,11776.0,11040.0,11879.0,11833.5,11590.6
2022-06-18,11767,4036854.0,3245,2022,6,2,5,18,24,1,11629.0,12240.0,11754.0,11396.0,11832.57142857143,11823.0,11610.233333333334
2022-06-19,11815,7523255.61,3228,2022,6,2,6,19,24,1,11767.0,11868.0,11395.0,11367.0,11765.0,11823.92857142857,11622.6
2022-06-20,11913,7563528.1,3222,2022,6,2,0,20,25,0,11815.0,11704.0,11713.0,11374.0,11757.42857142857,11853.92857142857,11637.533333333333
2022-06-21,11892,7515415.57,3278,2022,6,2,1,21,25,0,11913.0,11904.0,11946.0,11197.0,11787.285714285714,11868.214285714286,11655.5
2022-06-22,11594,7109409.02,3240,2022,6,2,2,22,25,0,11892.0,11677.0,12129.0,11575.0,11785.57142857143,11864.357142857143,11678.666666666666
2022-06-23,11647,7201881.33,3222,2022,6,2,3,23,25,0,11594.0,11806.0,11803.0,11345.0,11773.714285714286,11826.142857142857,11679.3
2022-06-24,11439,7002710.31,3121,2022,6,2,4,24,25,0,11647.0,11629.0,11954.0,11647.0,11751.0,11815.0,11689.366666666667
2022-06-25,11644,7235723.98,3237,2022,6,2,5,25,25,1,11439.0,11767.0,12240.0,11337.0,11723.857142857143,11778.214285714286,11682.433333333332
2022-06-26,11679,7347278.66,3248,2022,6,2,6,26,25,1,11644.0,11815.0,11868.0,11259.0,11706.285714285714,11735.642857142857,11692.666666666666
2022-06-27,11750,7419044.41,3273,2022,6,2,0,27,26,0,11679.0,11913.0,11704.0,11152.0,11686.857142857143,11722.142857142857,11706.666666666666
2022-06-28,11547,7168872.8,3171,2022,6,2,1,28,26,0,11750.0,11892.0,11904.0,11446.0,11663.57142857143,11725.42857142857,11726.6
2022-06-29,11478,7056797.31,3184,2022,6,2,2,29,26,0,11547.0,11594.0,11677.0,11143.0,11614.285714285714,11699.92857142857,11729.966666666667
2022-06-30,11538,7110826.34,3185,2022,6,2,3,30,26,0,11478.0,11647.0,11806.0,11154.0,11597.714285714286,11685.714285714286,11741.133333333333
2022-07-01,10816,6742223.08,2987,2022,7,3,4,1,26,0,11538.0,11439.0,11629.0,11838.0,11582.142857142857,11666.57142857143,11753.933333333332
2022-07-02,11075,7028520.5,3090,2022,7,3,5,2,26,1,10816.0,11644.0,11767.0,11779.0,11493.142857142857,11608.5,11719.866666666667
2022-07-03,10693,6411801.05,3022,2022,7,3,6,3,26,1,11075.0,11679.0,11815.0,11776.0,11411.857142857143,11559.07142857143,11696.4
2022-07-04,10522,6421362.05,2917,2022,7,3,0,4,27,0,10693.0,11750.0,11913.0,11754.0,11271.0,11478.92857142857,11660.3
2022-07-05,10732,6555039.53,2984,2022,7,3,1,5,27,0,10522.0,11547.0,11892.0,11395.0,11095.57142857143,11379.57142857143,11619.233333333334
2022-07-06,10711,6510063.57,2915,2022,7,3,2,6,27,0,10732.0,11478.0,11594.0,11713.0,10979.142857142857,11296.714285714286,11597.133333333333
2022-07-07,10872,6723089.46,2984,2022,7,3,3,7,27,0,10711.0,11538.0,11647.0,11946.0,10869.57142857143,11233.642857142857,11563.733333333334
2022-07-08,10525,6591459.11,2924,2022,7,3,4,8,27,0,10872.0,10816.0,11439.0,12129.0,10774.42857142857,11178.285714285714,11527.933333333332
2022-07-09,10718,6360512.03,2954,2022,7,3,5,9,27,1,10525.0,11075.0,11644.0,11803.0,10732.857142857143,11113.0,11474.466666666667
2022-07-10,10731,6525504.57,2945,2022,7,3,6,10,27,1,10718.0,10693.0,11679.0,11954.0,10681.857142857143,11046.857142857143,11438.3
2022-07-11,11123,6875242.88,3045,2022,7,3,0,11,28,0,10731.0,10522.0,11750.0,12240.0,10687.285714285714,10979.142857142857,11397.533333333333
2022-07-12,10642,6360842.26,2938,2022,7,3,1,12,28,0,11123.0,10732.0,11547.0,11868.0,10773.142857142857,10934.357142857143,11360.3
2022-07-13,10718,6686777.5,2927,2022,7,3,2,13,28,0,10642.0,10711.0,11478.0,11704.0,10760.285714285714,10869.714285714286,11319.433333333332
2022-07-14,10643,6677784.94,2957,2022,7,3,3,14,28,0,10718.0,10872.0,11538.0,11904.0,10761.285714285714,10815.42857142857,11286.566666666668
2022-07-15,10550,6263558.24,2897,2022,7,3,4,15,28,0,10643.0,10525.0,10816.0,11677.0,10728.57142857143,10751.5,11244.533333333333
2022-07-16,10715,6371006.71,2953,2022,7,3,5,16,28,1,10550.0,10718.0,11075.0,11806.0,10732.142857142857,10732.5,11206.966666666667
2022-07-17,11021,6945031.87,3043,2022,7,3,6,17,28,1,10715.0,10731.0,10693.0,11629.0,10731.714285714286,10706.785714285714,11170.6
2022-07-18,10777,6595020.09,2910,2022,7,3,0,18,29,0,11021.0,11123.0,10522.0,11767.0,10773.142857142857,10730.214285714286,11150.333333333334
2022-07-19,10919,6625767.04,2959,2022,7,3,1,19,29,0,10777.0,10642.0,10732.0,11815.0,10723.714285714286,10748.42857142857,11117.333333333334
2022-07-20,11061,6680839.46,2996,2022,7,3,2,20,29,0,10919.0,10718.0,10711.0,11913.0,10763.285714285714,10761.785714285714,11087.466666666667
2022-07-21,10733,6438437.01,2988,2022,7,3,3,21,29,0,11061.0,10643.0,10872.0,11892.0,10812.285714285714,10786.785714285714,11059.066666666668
2022-07-22,10514,6315314.1,2933,2022,7,3,4,22,29,0,10733.0,10550.0,10525.0,11594.0,10825.142857142857,10776.857142857143,11020.433333333332
2022-07-23,11043,6876394.68,3064,2022,7,3,5,23,29,1,10514.0,10715.0,10718.0,11647.0,10820.0,10776.07142857143,10984.433333333332
2022-07-24,10473,6591688.21,2897,2022,7,3,6,24,29,1,11043.0,11021.0,10731.0,11439.0,10866.857142857143,10799.285714285714,10964.3
2022-07-25,10961,6954765.54,2990,2022,7,3,0,25,30,0,10473.0,10777.0,11123.0,11644.0,10788.57142857143,10780.857142857143,10932.1
2022-07-26,10374,6496996.14,2878,2022,7,3,1,26,30,0,10961.0,10919.0,10642.0,11679.0,10814.857142857143,10769.285714285714,10909.333333333334
2022-07-27,10831,6831923.77,2950,2022,7,3,2,27,30,0,10374.0,11061.0,10718.0,11750.0,10737.0,10750.142857142857,10865.833333333334
2022-07-28,10862,6718720.9,3011,2022,7,3,3,28,30,0,10831.0,10733.0,10643.0,11547.0,10704.142857142857,10758.214285714286,10835.2
2022-07-29,10480,6541273.88,2948,2022,7,3,4,29,30,0,10862.0,10514.0,10550.0,11478.0,10722.57142857143,10773.857142857143,10812.366666666667
2022-07-30,10598,6682343.7,2945,2022,7,3,5,30,30,1,10480.0,11043.0,10715.0,11538.0,10717.714285714286,10768.857142857143,10779.1
2022-07-31,10559,6623033.93,2971,2022,7,3,6,31,30,1,10598.0,10473.0,11021.0,10816.0,10654.142857142857,10760.5,10747.766666666666
2022-08-01,12473,7837264.13,3341,2022,8,3,0,1,31,0,10559.0,10961.0,10777.0,11075.0,10666.42857142857,10727.5,10739.2
2022-08-02,12049,7368509.25,3314,2022,8,3,1,2,31,0,12473.0,10374.0,10919.0,10693.0,10882.42857142857,10848.642857142857,10785.8
2022-08-03,11925,7475274.28,3208,2022,8,3,2,3,31,0,12049.0,10831.0,11061.0,10522.0,11121.714285714286,10929.357142857143,10831.0
2022-08-04,11884,7359433.53,3191,2022,8,3,3,4,31,0,11925.0,10862.0,10733.0,10732.0,11278.0,10991.07142857143,10877.766666666666
2022-08-05,11725,7350494.29,3231,2022,8,3,4,5,31,0,11884.0,10480.0,10514.0,10711.0,11424.0,11073.285714285714,10916.166666666666
2022-08-06,11635,7251629.27,3188,2022,8,3,5,6,31,1,11725.0,10598.0,11043.0,10872.0,11601.857142857143,11159.785714285714,10949.966666666667
2022-08-07,11955,7377063.13,3280,2022,8,3,6,7,31,1,11635.0,10559.0,10473.0,10525.0,11750.0,11202.07142857143,10975.4
2022-08-08,11454,7139670.28,3219,2022,8,3,0,8,32,0,11955.0,12473.0,10961.0,10718.0,11949.42857142857,11307.92857142857,11023.066666666668
2022-08-09,11400,6873852.9,3183,2022,8,3,1,9,32,0,11454.0,12049.0,10374.0,10731.0,11803.857142857143,11343.142857142857,11047.6
2022-08-10,12014,7627559.94,3245,2022,8,3,2,10,32,0,11400.0,11925.0,10831.0,11123.0,11711.142857142857,11416.42857142857,11069.9
2022-08-11,11678,7385531.47,3221,2022,8,3,3,11,32,0,12014.0,11884.0,10862.0,10642.0,11723.857142857143,11500.92857142857,11099.6
2022-08-12,11656,7162310.89,3180,2022,8,3,4,12,32,0,11678.0,11725.0,10480.0,10718.0,11694.42857142857,11559.214285714286,11134.133333333333
2022-08-13,11615,7212548.31,3234,2022,8,3,5,13,32,1,11656.0,11635.0,10598.0,10643.0,11684.57142857143,11643.214285714286,11165.4
2022-08-14,12050,7626261.65,3307,2022,8,3,6,14,32,1,11615.0,11955.0,10559.0,10550.0,11681.714285714286,11715.857142857143,11197.8
2022-08-15,11417,7045814.66,3212,2022,8,3,0,15,33,0,12050.0,11454.0,12473.0,10715.0,11695.285714285714,11822.357142857143,11247.8
2022-08-16,11829,7327871.58,3278,2022,8,3,1,16,33,0,11417.0,11400.0,12049.0,11021.0,11690.0,11746.92857142857,11271.2
2022-08-17,11663,7300917.75,3233,2022,8,3,2,17,33,0,11829.0,12014.0,11925.0,10777.0,11751.285714285714,11731.214285714286,11298.133333333333
2022-08-18,12084,7498748.56,3272,2022,8,3,3,18,33,0,11663.0,11678.0,11884.0,10919.0,11701.142857142857,11712.5,11327.666666666666
2022-08-19,12369,7530749.11,3334,2022,8,3,4,19,33,0,12084.0,11656.0,11725.0,11061.0,11759.142857142857,11726.785714285714,11366.5
2022-08-20,12242,7702040.42,3352,2022,8,3,5,20,33,1,12369.0,11615.0,11635.0,10733.0,11861.0,11772.785714285714,11410.1
2022-08-21,11983,7432794.25,3344,2022,8,3,6,21,33,1,12242.0,12050.0,11955.0,10514.0,11950.57142857143,11816.142857142857,11460.4
2022-08-22,11918,7304521.54,3261,2022,8,3,0,22,34,0,11983.0,11417.0,11454.0,11043.0,11941.0,11818.142857142857,11509.366666666667
2022-08-23,11845,7509585.08,3280,2022,8,3,1,23,34,0,11918.0,11829.0,11400.0,10473.0,12012.57142857143,11851.285714285714,11538.533333333333
2022-08-24,11688,7248880.13,3244,2022,8,3,2,24,34,0,11845.0,11663.0,12014.0,10961.0,12014.857142857143,11883.07142857143,11584.266666666666
2022-08-25,11797,7445417.99,3271,2022,8,3,3,25,34,0,11688.0,12084.0,11678.0,10374.0,12018.42857142857,11859.785714285714,11608.5
2022-08-26,12007,7385723.8,3291,2022,8,3,4,26,34,0,11797.0,12369.0,11656.0,10831.0,11977.42857142857,11868.285714285714,11655.933333333332
2022-08-27,11726,6594054.02,3244,2022,8,3,5,27,34,1,12007.0,12242.0,11615.0,10862.0,11925.714285714286,11893.357142857143,11695.133333333333
2022-08-28,11659,6546429.89,3241,2022,8,3,6,28,34,1,11726.0,11983.0,12050.0,10480.0,11852.0,11901.285714285714,11723.933333333332
2022-08-29,12196,7066344.14,3373,2022,8,3,0,29,35,0,11659.0,11918.0,11417.0,10598.0,11805.714285714286,11873.357142857143,11763.233333333334
2022-08-30,11746,6554520.92,3262,2022,8,3,1,30,35,0,12196.0,11845.0,11829.0,10559.0,11845.42857142857,11929.0,11816.5
2022-08-31,11931,6742365.78,3308,2022,8,3,2,31,35,0,11746.0,11688.0,11663.0,12473.0,11831.285714285714,11923.07142857143,11856.066666666668
2022-09-01,12425,7004206.22,3389,2022,9,3,3,1,35,0,11931.0,11797.0,12084.0,12049.0,11866.0,11942.214285714286,11838.0
2022-09-02,12366,7031470.65,3434,2022,9,3,4,2,35,0,12425.0,12007.0,12369.0,11925.0,11955.714285714286,11966.57142857143,11850.533333333333
2022-09-03,12131,6864543.0,3369,2022,9,3,5,3,35,1,12366.0,11726.0,12242.0,11884.0,12007.0,11966.357142857143,11865.233333333334
2022-09-04,12062,6644724.72,3266,2022,9,3,6,4,35,1,12131.0,11659.0,11983.0,11725.0,12064.857142857143,11958.42857142857,11873.466666666667
2022-09-05,12454,7028459.65,3467,2022,9,3,0,5,36,0,12062.0,12196.0,11918.0,11635.0,12122.42857142857,11964.07142857143,11884.7
2022-09-06,12402,6726209.78,3384,2022,9,3,1,6,36,0,12454.0,11746.0,11845.0,11955.0,12159.285714285714,12002.357142857143,11912.0
2022-09-07,12141,6856211.01,3353,2022,9,3,2,7,36,0,12402.0,11931.0,11688.0,11454.0,12253.0,12042.142857142857,11926.9
2022-09-08,12505,7804912.31,3481,2022,9,3,3,8,36,0,12141.0,12425.0,11797.0,11400.0,12283.0,12074.5,11949.8
2022-09-09,12259,7749581.53,3370,2022,9,3,4,9,36,0,12505.0,12366.0,12007.0,12014.0,12294.42857142857,12125.07142857143,11986.633333333333
2022-09-10,12061,7381878.53,3333,2022,9,3,5,10,36,1,12259.0,12131.0,11726.0,11678.0,12279.142857142857,12143.07142857143,11994.8
2022-09-11,12283,7491281.28,3388,2022,9,3,6,11,36,1,12061.0,12062.0,11659.0,11656.0,12269.142857142857,12167.0,12007.566666666668
2022-09-12,12392,7660241.54,3411,2022,9,3,0,12,37,0,12283.0,12454.0,12196.0,11615.0,12300.714285714286,12211.57142857143,12028.466666666667
2022-09-13,12172,7600118.35,3361,2022,9,3,1,13,37,0,12392.0,12402.0,11746.0,12050.0,12291.857142857143,12225.57142857143,12054.366666666667
2022-09-14,12306,7660857.56,3388,2022,9,3,2,14,37,0,12172.0,12141.0,11931.0,11417.0,12259.0,12256.0,12058.433333333332
2022-09-15,12107,7466178.27,3362,2022,9,3,3,15,37,0,12306.0,12505.0,12425.0,11829.0,12282.57142857143,12282.785714285714,12088.066666666668
2022-09-16,12267,7735395.57,3407,2022,9,3,4,16,37,0,12107.0,12259.0,12366.0,11663.0,12225.714285714286,12260.07142857143,12097.333333333334
2022-09-17,12383,7734054.07,3391,2022,9,3,5,17,37,1,12267.0,12061.0,12131.0,12084.0,12226.857142857143,12253.0,12117.466666666667
2022-09-18,12123,7533363.35,3323,2022,9,3,6,18,37,1,12383.0,12283.0,12062.0,12369.0,12272.857142857143,12271.0,12127.433333333332
2022-09-19,12157,7582053.2,3353,2022,9,3,0,19,38,0,12123.0,12392.0,12454.0,12242.0,12250.0,12275.357142857143,12119.233333333334
2022-09-20,12467,7592200.31,3431,2022,9,3,1,20,38,0,12157.0,12172.0,12402.0,11983.0,12216.42857142857,12254.142857142857,12116.4
2022-09-21,12118,7635762.73,3332,2022,9,3,2,21,38,0,12467.0,12306.0,12141.0,11918.0,12258.57142857143,12258.785714285714,12132.533333333333
2022-09-22,11995,7581090.44,3326,2022,9,3,3,22,38,0,12118.0,12107.0,12505.0,11845.0,12231.714285714286,12257.142857142857,12139.2
2022-09-23,12076,7333846.81,3358,2022,9,3,4,23,38,0,11995.0,12267.0,12259.0,11688.0,12215.714285714286,12220.714285714286,12144.2
2022-09-24,12061,7619705.18,3289,2022,9,3,5,24,38,1,12076.0,12383.0,12061.0,11797.0,12188.42857142857,12207.642857142857,12157.133333333333
2022-09-25,12196,7435211.88,3317,2022,9,3,6,25,38,1,12061.0,12123.0,12283.0,12007.0,12142.42857142857,12207.642857142857,12165.933333333332
2022-09-26,12414,7813728.66,3451,2022,9,3,0,26,39,0,12196.0,12157.0,12392.0,11726.0,12152.857142857143,12201.42857142857,12172.233333333334
2022-09-27,12423,7764988.4799999995,3421,2022,9,3,1,27,39,0,12414.0,12467.0,12172.0,11659.0,12189.57142857143,12203.0,12195.166666666666
2022-09-28,12203,7486053.67,3410,2022,9,3,2,28,39,0,12423.0,12118.0,12306.0,12196.0,12183.285714285714,12220.92857142857,12220.633333333333
2022-09-29,12388,7730580.07,3401,2022,9,3,3,29,39,0,12203.0,11995.0,12107.0,11746.0,12195.42857142857,12213.57142857143,12220.866666666667
2022-09-30,12149,7466699.8,3362,2022,9,3,4,30,39,0,12388.0,12076.0,12267.0,11931.0,12251.57142857143,12233.642857142857,12242.266666666666
2022-10-01,12035,7674649.88,3317,2022,10,4,5,1,39,1,12149.0,12061.0,12383.0,12425.0,12262.0,12225.214285714286,12249.533333333333
2022-10-02,11551,7120076.51,3241,2022,10,4,6,2,39,1,12035.0,12196.0,12123.0,12366.0,12258.285714285714,12200.357142857143,12236.533333333333
2022-10-03,12031,7501238.59,3290,2022,10,4,0,3,40,0,11551.0,12414.0,12157.0,12131.0,12166.142857142857,12159.5,12209.366666666667
2022-10-04,12029,7539054.15,3292,2022,10,4,1,4,40,0,12031.0,12423.0,12467.0,12062.0,12111.42857142857,12150.5,12206.033333333333
2022-10-05,12048,7433407.09,3217,2022,10,4,2,5,40,0,12029.0,12203.0,12118.0,12454.0,12055.142857142857,12119.214285714286,12204.933333333332
2022-10-06,11879,7400042.84,3239,2022,10,4,3,6,40,0,12048.0,12388.0,11995.0,12402.0,12033.0,12114.214285714286,12191.4
2022-10-07,11539,7061754.25,3141,2022,10,4,4,7,40,0,11879.0,12149.0,12076.0,12141.0,11960.285714285714,12105.92857142857,12173.966666666667
2022-10-08,12205,7385632.44,3374,2022,10,4,5,8,40,1,11539.0,12035.0,12061.0,12505.0,11873.142857142857,12067.57142857143,12153.9
2022-10-09,12147,7469988.56,3342,2022,10,4,6,9,40,1,12205.0,11551.0,12196.0,12259.0,11897.42857142857,12077.857142857143,12143.9
2022-10-10,11982,7476634.28,3312,2022,10,4,0,10,41,0,12147.0,12031.0,12414.0,12061.0,11982.57142857143,12074.357142857143,12140.166666666666
2022-10-11,11332,7026170.7,3214,2022,10,4,1,11,41,0,11982.0,12029.0,12423.0,12283.0,11975.57142857143,12043.5,12137.533333333333
2022-10-12,11992,7392494.3,3349,2022,10,4,2,12,41,0,11332.0,12048.0,12203.0,12392.0,11876.0,11965.57142857143,12105.833333333334
2022-10-13,11747,7518219.23,3218,2022,10,4,3,13,41,0,11992.0,11879.0,12388.0,12172.0,11868.0,11950.5,12092.5
2022-10-14,12293,7612000.58,3360,2022,10,4,4,14,41,0,11747.0,11539.0,12149.0,12306.0,11849.142857142857,11904.714285714286,12078.333333333334
2022-10-15,12014,7549066.78,3264,2022,10,4,5,15,41,1,12293.0,12205.0,12035.0,12107.0,11956.857142857143,11915.0,12077.9
2022-10-16,12216,7612280.46,3310,2022,10,4,6,16,41,1,12014.0,12147.0,11551.0,12267.0,11929.57142857143,11913.5,12074.8
2022-10-17,11985,7480549.96,3335,2022,10,4,0,17,42,0,12216.0,11982.0,12031.0,12383.0,11939.42857142857,11961.0,12073.1
2022-10-18,11762,7096277.53,3253,2022,10,4,1,18,42,0,11985.0,11332.0,12029.0,12123.0,11939.857142857143,11957.714285714286,12059.833333333334
2022-10-19,12057,7702657.66,3317,2022,10,4,2,19,42,0,11762.0,11992.0,12048.0,12157.0,12001.285714285714,11938.642857142857,12047.8
2022-10-20,11852,7303861.9,3239,2022,10,4,3,20,42,0,12057.0,11747.0,11879.0,12467.0,12010.57142857143,11939.285714285714,12044.466666666667
2022-10-21,12029,7379758.03,3295,2022,10,4,4,21,42,0,11852.0,12293.0,11539.0,12118.0,12025.57142857143,11937.357142857143,12023.966666666667
2022-10-22,12217,7785209.99,3277,2022,10,4,5,22,42,1,12029.0,12014.0,12205.0,11995.0,11987.857142857143,11972.357142857143,12021.0
2022-10-23,11817,7303482.62,3310,2022,10,4,6,23,42,1,12217.0,12216.0,12147.0,12076.0,12016.857142857143,11973.214285714286,12028.4
2022-10-24,11908,7202323.29,3300,2022,10,4,0,24,43,0,11817.0,11985.0,11982.0,12061.0,11959.857142857143,11949.642857142857,12019.766666666666
2022-10-25,12067,7515029.32,3328,2022,10,4,1,25,43,0,11908.0,11762.0,11332.0,12196.0,11948.857142857143,11944.357142857143,12014.666666666666
2022-10-26,12061,7530747.89,3342,2022,10,4,2,26,43,0,12067.0,12057.0,11992.0,12414.0,11992.42857142857,11996.857142857143,12010.366666666667
2022-10-27,11813,7360996.08,3333,2022,10,4,3,27,43,0,12061.0,11852.0,11747.0,12423.0,11993.0,12001.785714285714,11998.6
2022-10-28,11639,7387995.07,3214,2022,10,4,4,28,43,0,11813.0,12029.0,12293.0,12203.0,11987.42857142857,12006.5,11978.266666666666
2022-10-29,12217,7628304.97,3381,2022,10,4,5,29,43,1,11639.0,12217.0,12014.0,12388.0,11931.714285714286,11959.785714285714,11959.466666666667
2022-10-30,11699,7260416.39,3263,2022,10,4,6,30,43,1,12217.0,11817.0,12216.0,12149.0,11931.714285714286,11974.285714285714,11953.766666666666
2022-10-31,12000,7714018.78,3301,2022,10,4,0,31,44,0,11699.0,11908.0,11985.0,12035.0,11914.857142857143,11937.357142857143,11938.766666666666
2022-11-01,14540,8906653.54,3983,2022,11,4,1,1,44,0,12000.0,12067.0,11762.0,11551.0,11928.0,11938.42857142857,11937.6
2022-11-02,14592,9004322.31,3963,2022,11,4,2,2,44,0,14540.0,12061.0,12057.0,12031.0,12281.285714285714,12136.857142857143,12037.233333333334
2022-11-03,14075,8691014.47,3938,2022,11,4,3,3,44,0,14592.0,11813.0,11852.0,12029.0,12642.857142857143,12317.92857142857,12122.6
2022-11-04,14464,8948301.85,4031,2022,11,4,4,4,44,0,14075.0,11639.0,12029.0,12048.0,12966.0,12476.714285714286,12190.8
2022-11-05,14554,9159894.39,3972,2022,11,4,5,5,44,1,14464.0,12217.0,12217.0,11879.0,13369.57142857143,12650.642857142857,12271.333333333334
2022-11-06,14241,8632745.54,3942,2022,11,4,6,6,44,1,14554.0,11699.0,11817.0,11539.0,13703.42857142857,12817.57142857143,12360.5
2022-11-07,14788,9158938.82,4083,2022,11,4,0,7,45,0,14241.0,12000.0,11908.0,12205.0,14066.57142857143,12990.714285714286,12450.566666666668
2022-11-08,14495,8980442.21,3984,2022,11,4,1,8,45,0,14788.0,14540.0,12067.0,12147.0,14464.857142857143,13196.42857142857,12536.666666666666
2022-11-09,14535,9061288.85,4008,2022,11,4,2,9,45,0,14495.0,14592.0,12061.0,11982.0,14458.42857142857,13369.857142857143,12614.933333333332
2022-11-10,14306,8917791.19,3966,2022,11,4,3,10,45,0,14535.0,14075.0,11813.0,11332.0,14450.285714285714,13546.57142857143,12700.033333333333
2022-11-11,15028,9290894.64,4089,2022,11,4,4,11,45,0,14306.0,14464.0,11639.0,11992.0,14483.285714285714,13724.642857142857,12799.166666666666
2022-11-12,14204,8745240.25,3935,2022,11,4,5,12,45,1,15028.0,14554.0,12217.0,11747.0,14563.857142857143,13966.714285714286,12900.366666666667
2022-11-13,14594,9035541.53,4000,2022,11,4,6,13,45,1,14204.0,14241.0,11699.0,12293.0,14513.857142857143,14108.642857142857,12982.266666666666
2022-11-14,14311,8882868.02,3982,2022,11,4,0,14,46,0,14594.0,14788.0,12000.0,12014.0,14564.285714285714,14315.42857142857,13058.966666666667
2022-11-15,14128,8887882.66,3954,2022,11,4,1,15,46,0,14311.0,14495.0,14540.0,12216.0,14496.142857142857,14480.5,13135.533333333333
2022-11-16,14419,8734659.73,4015,2022,11,4,2,16,46,0,14128.0,14535.0,14592.0,11985.0,14443.714285714286,14451.07142857143,13199.266666666666
2022-11-17,14301,8826835.33,3949,2022,11,4,3,17,46,0,14419.0,14306.0,14075.0,11762.0,14427.142857142857,14438.714285714286,13280.4
2022-11-18,14282,8771048.65,3933,2022,11,4,4,18,46,0,14301.0,15028.0,14464.0,12057.0,14426.42857142857,14454.857142857143,13365.033333333333
2022-11-19,14214,8609634.23,3981,2022,11,4,5,19,46,1,14282.0,14204.0,14554.0,11852.0,14319.857142857143,14441.857142857143,13439.2
2022-11-20,14434,8810866.52,3987,2022,11,4,6,20,46,1,14214.0,14594.0,14241.0,12029.0,14321.285714285714,14417.57142857143,13517.933333333332
2022-11-21,14623,9371811.62,4025,2022,11,4,0,21,47,0,14434.0,14311.0,14788.0,12217.0,14298.42857142857,14431.357142857143,13598.1
2022-11-22,14811,9136383.27,4009,2022,11,4,1,22,47,0,14623.0,14128.0,14495.0,11817.0,14343.0,14419.57142857143,13678.3
2022-11-23,14613,9107148.42,3960,2022,11,4,2,23,47,0,14811.0,14419.0,14535.0,11908.0,14440.57142857143,14442.142857142857,13778.1
2022-11-24,14979,9029353.95,4090,2022,11,4,3,24,47,0,14613.0,14301.0,14306.0,12067.0,14468.285714285714,14447.714285714286,13868.266666666666
2022-11-25,15023,9268965.14,4115,2022,11,4,4,25,47,0,14979.0,14282.0,15028.0,12061.0,14565.142857142857,14495.785714285714,13965.333333333334
2022-11-26,14628,8791672.78,4041,2022,11,4,5,26,47,1,15023.0,14214.0,14204.0,11813.0,14671.0,14495.42857142857,14064.066666666668
2022-11-27,14599,8887597.01,3974,2022,11,4,6,27,47,1,14628.0,14434.0,14594.0,11639.0,14730.142857142857,14525.714285714286,14157.9
2022-11-28,14362,8814133.24,3995,2022,11,4,0,28,48,0,14599.0,14623.0,14311.0,12217.0,14753.714285714286,14526.07142857143,14256.566666666668
2022-11-29,14805,9240538.83,4082,2022,11,4,1,29,48,0,14362.0,14811.0,14128.0,11699.0,14716.42857142857,14529.714285714286,14328.066666666668
2022-11-30,14321,8602498.88,3955,2022,11,4,2,30,48,0,14805.0,14613.0,14419.0,12000.0,14715.57142857143,14578.07142857143,14431.6
2022-12-01,15715,9867615.58,4369,2022,12,4,3,1,48,0,14321.0,14979.0,14301.0,14540.0,14673.857142857143,14571.07142857143,14508.966666666667
2022-12-02,15735,9607103.12,4381,2022,12,4,4,2,48,0,15715.0,15023.0,14282.0,14592.0,14779.0,14672.07142857143,14548.133333333333
2022-12-03,15910,9705366.5,4316,2022,12,4,5,3,48,1,15735.0,14628.0,14214.0,14075.0,14880.714285714286,14775.857142857143,14586.233333333334
2022-12-04,15499,9481893.01,4321,2022,12,4,6,4,48,1,15910.0,14599.0,14434.0,14464.0,15063.857142857143,14897.0,14647.4
2022-12-05,15751,9820143.08,4385,2022,12,4,0,5,49,0,15499.0,14362.0,14623.0,14554.0,15192.42857142857,14973.07142857143,14681.9
2022-12-06,15612,9599316.39,4362,2022,12,4,1,6,49,0,15751.0,14805.0,14811.0,14241.0,15390.857142857143,15053.642857142857,14721.8
2022-12-07,15620,9495210.8,4352,2022,12,4,2,7,49,0,15612.0,14321.0,14613.0,14788.0,15506.142857142857,15110.857142857143,14767.5
2022-12-08,15992,9584395.0,4387,2022,12,4,3,8,49,0,15620.0,15715.0,14979.0,14495.0,15691.714285714286,15182.785714285714,14795.233333333334
2022-12-09,15715,9417230.84,4335,2022,12,4,4,9,49,0,15992.0,15735.0,15023.0,14535.0,15731.285714285714,15255.142857142857,14845.133333333333
2022-12-10,15436,9467718.95,4298,2022,12,4,5,10,49,1,15715.0,15910.0,14628.0,14306.0,15728.42857142857,15304.57142857143,14884.466666666667
2022-12-11,15547,9428321.05,4294,2022,12,4,6,11,49,1,15436.0,15499.0,14599.0,15028.0,15660.714285714286,15362.285714285714,14922.133333333333
2022-12-12,15981,9492909.34,4317,2022,12,4,0,12,50,0,15547.0,15751.0,14362.0,14204.0,15667.57142857143,15430.0,14939.433333333332
2022-12-13,15750,9542147.28,4353,2022,12,4,1,13,50,0,15981.0,15612.0,14805.0,14594.0,15700.42857142857,15545.642857142857,14998.666666666666
2022-12-14,15642,9503645.0,4349,2022,12,4,2,14,50,0,15750.0,15620.0,14321.0,14311.0,15720.142857142857,15613.142857142857,15037.2
2022-12-15,15736,9469866.34,4277,2022,12,4,3,15,50,0,15642.0,15992.0,15715.0,14128.0,15723.285714285714,15707.5,15081.566666666668
2022-12-16,15401,9438095.57,4289,2022,12,4,4,16,50,0,15736.0,15715.0,15735.0,14419.0,15686.714285714286,15709.0,15135.166666666666
2022-12-17,15802,9613224.68,4343,2022,12,4,5,17,50,1,15401.0,15436.0,15910.0,14301.0,15641.857142857143,15685.142857142857,15167.9
2022-12-18,15446,9462899.52,4325,2022,12,4,6,18,50,1,15802.0,15547.0,15499.0,14282.0,15694.142857142857,15677.42857142857,15217.933333333332
2022-12-19,15881,9711502.52,4355,2022,12,4,0,19,51,0,15446.0,15981.0,15751.0,14214.0,15679.714285714286,15673.642857142857,15256.733333333334
2022-12-20,15884,9729266.06,4400,2022,12,4,1,20,51,0,15881.0,15750.0,15612.0,14434.0,15665.42857142857,15682.92857142857,15312.3
2022-12-21,15735,9529788.84,4342,2022,12,4,2,21,51,0,15884.0,15642.0,15620.0,14623.0,15684.57142857143,15702.357142857143,15360.633333333333
2022-12-22,16006,9772353.19,4445,2022,12,4,3,22,51,0,15735.0,15736.0,15992.0,14811.0,15697.857142857143,15710.57142857143,15397.7
2022-12-23,16315,10010513.93,4430,2022,12,4,4,23,51,0,16006.0,15401.0,15715.0,14613.0,15736.42857142857,15711.57142857143,15437.533333333333
2022-12-24,15810,9619338.25,4365,2022,12,4,5,24,51,1,16315.0,15802.0,15436.0,14979.0,15867.0,15754.42857142857,15494.266666666666
2022-12-25,15329,9062411.81,4296,2022,12,4,6,25,51,1,15810.0,15446.0,15547.0,15023.0,15868.142857142857,15781.142857142857,15521.966666666667
2022-12-26,15777,9589848.0,4322,2022,12,4,0,26,52,0,15329.0,15881.0,15981.0,14628.0,15851.42857142857,15765.57142857143,15532.166666666666
2022-12-27,15419,9399862.14,4400,2022,12,4,1,27,52,0,15777.0,15884.0,15750.0,14599.0,15836.57142857143,15751.0,15570.466666666667
2022-12-28,16164,9926563.22,4382,2022,12,4,2,28,52,0,15419.0,15735.0,15642.0,14362.0,15770.142857142857,15727.357142857143,15597.8
2022-12-29,16337,9903693.76,4505,2022,12,4,3,29,52,0,16164.0,16006.0,15736.0,14805.0,15831.42857142857,15764.642857142857,15657.866666666667
2022-12-30,15680,9501475.02,4324,2022,12,4,4,30,52,0,16337.0,16315.0,15401.0,14321.0,15878.714285714286,15807.57142857143,15708.933333333332
2022-12-31,15745,9440564.32,4396,2022,12,4,5,31,52,1,15680.0,15810.0,15802.0,15715.0,15788.0,15827.5,15754.233333333334
2023-01-01,10270,6267306.11,2878,2023,1,1,6,1,52,1,15745.0,15329.0,15446.0,15735.0,15778.714285714286,15823.42857142857,15755.233333333334
2023-01-02,10181,6018197.59,2864,2023,1,1,0,2,1,0,10270.0,15777.0,15881.0,15910.0,15056.0,15453.714285714286,15573.066666666668
2023-01-03,10427,6446119.92,2841,2023,1,1,1,3,1,0,10181.0,15419.0,15884.0,15499.0,14256.57142857143,15046.57142857143,15382.1
2023-01-04,10397,6353041.57,2871,2023,1,1,2,4,1,0,10427.0,16164.0,15735.0,15751.0,13543.42857142857,14656.785714285714,15213.033333333333
2023-01-05,10402,6371023.7,2865,2023,1,1,3,5,1,0,10397.0,16337.0,16006.0,15612.0,12719.57142857143,14275.5,15034.566666666668
2023-01-06,10056,6231543.3,2839,2023,1,1,4,6,1,0,10402.0,15680.0,16315.0,15620.0,11871.714285714286,13875.214285714286,14860.9
2023-01-07,10219,6377587.54,2829,2023,1,1,5,7,1,1,10056.0,15745.0,15810.0,15992.0,11068.285714285714,13428.142857142857,14675.433333333332
2023-01-08,9972,6265505.06,2762,2023,1,1,6,8,1,1,10219.0,10270.0,15329.0,15715.0,10278.857142857143,13028.785714285714,14483.0
2023-01-09,10358,6312585.49,2882,2023,1,1,0,9,2,0,9972.0,10181.0,15777.0,15436.0,10236.285714285714,12646.142857142857,14291.566666666668
2023-01-10,10077,6279095.53,2895,2023,1,1,1,10,2,0,10358.0,10427.0,15419.0,15547.0,10261.57142857143,12259.07142857143,14122.3
2023-01-11,10219,6286243.81,2801,2023,1,1,2,11,2,0,10077.0,10397.0,16164.0,15981.0,10211.57142857143,11877.5,13939.966666666667
2023-01-12,10124,6269651.49,2776,2023,1,1,3,12,2,0,10219.0,10402.0,16337.0,15750.0,10186.142857142857,11452.857142857143,13747.9
2023-01-13,10400,6282883.1,2877,2023,1,1,4,13,2,0,10124.0,10056.0,15680.0,15642.0,10146.42857142857,11009.07142857143,13560.366666666667
2023-01-14,10743,6759522.36,2913,2023,1,1,5,14,2,1,10400.0,10219.0,15745.0,15736.0,10195.57142857143,10631.92857142857,13385.633333333333
2023-01-15,9955,6179010.41,2785,2023,1,1,6,15,2,1,10743.0,9972.0,10270.0,15401.0,10270.42857142857,10274.642857142857,13219.2
2023-01-16,10360,6361899.87,2829,2023,1,1,0,16,3,0,9955.0,10358.0,10181.0,15802.0,10268.0,10252.142857142857,13037.666666666666
2023-01-17,10029,6089752.62,2815,2023,1,1,1,17,3,0,10360.0,10077.0,10427.0,15446.0,10268.285714285714,10264.92857142857,12856.266666666666
2023-01-18,10177,6314441.6,2790,2023,1,1,2,18,3,0,10029.0,10219.0,10397.0,15881.0,10261.42857142857,10236.5,12675.7
2023-01-19,9831,6235452.8,2779,2023,1,1,3,19,3,0,10177.0,10124.0,10402.0,15884.0,10255.42857142857,10220.785714285714,12485.566666666668
2023-01-20,10418,6296413.31,2834,2023,1,1,4,20,3,0,9831.0,10400.0,10056.0,15735.0,10213.57142857143,10180.0,12283.8
2023-01-21,10255,6353122.65,2861,2023,1,1,5,21,3,1,10418.0,10743.0,10219.0,16006.0,10216.142857142857,10205.857142857143,12106.566666666668
2023-01-22,9963,6303121.34,2778,2023,1,1,6,22,3,1,10255.0,9955.0,9972.0,16315.0,10146.42857142857,10208.42857142857,11914.866666666667
2023-01-23,10533,6497302.24,2842,2023,1,1,0,23,4,0,9963.0,10360.0,10358.0,15810.0,10147.57142857143,10207.785714285714,11703.133333333333
2023-01-24,9917,6166073.13,2767,2023,1,1,1,24,4,0,10533.0,10029.0,10077.0,15329.0,10172.285714285714,10220.285714285714,11527.233333333334
2023-01-25,10541,6475796.0,2890,2023,1,1,2,25,4,0,9917.0,10177.0,10219.0,15777.0,10156.285714285714,10208.857142857143,11346.833333333334
2023-01-26,10564,6599683.0,2914,2023,1,1,3,26,4,0,10541.0,9831.0,10124.0,15419.0,10208.285714285714,10231.857142857143,11172.3
2023-01-27,10321,6440879.03,2776,2023,1,1,4,27,4,0,10564.0,10418.0,10400.0,16164.0,10313.0,10263.285714285714,11010.466666666667
2023-01-28,10431,6369854.94,2835,2023,1,1,5,28,4,1,10321.0,10255.0,10743.0,16337.0,10299.142857142857,10257.642857142857,10815.7
2023-01-29,9732,6007736.28,2754,2023,1,1,6,29,4,1,10431.0,9963.0,9955.0,15680.0,10324.285714285714,10235.357142857143,10618.833333333334
2023-01-30,9884,6091414.51,2765,2023,1,1,0,30,5,0,9732.0,10533.0,10360.0,15745.0,10291.285714285714,10219.42857142857,10420.566666666668
2023-01-31,10184,6349158.34,2837,2023,1,1,1,31,5,0,9884.0,9917.0,10029.0,10270.0,10198.57142857143,10185.42857142857,10225.2
2023-02-01,11063,6961572.98,2981,2023,2,1,2,1,5,0,10184.0,10541.0,10177.0,10181.0,10236.714285714286,10196.5,10222.333333333334
2023-02-02,11046,6821971.39,2980,2023,2,1,3,2,5,0,11063.0,10564.0,9831.0,10427.0,10311.285714285714,10259.785714285714,10251.733333333334
2023-02-03,10638,6539087.7299999995,2898,2023,2,1,4,3,5,0,11046.0,10321.0,10418.0,10397.0,10380.142857142857,10346.57142857143,10272.366666666667
2023-02-04,10584,6613367.36,2868,2023,2,1,5,4,5,1,10638.0,10431.0,10255.0,10402.0,10425.42857142857,10362.285714285714,10280.4
2023-02-05,11013,6741776.6,3048,2023,2,1,6,5,5,1,10584.0,9732.0,9963.0,10056.0,10447.285714285714,10385.785714285714,10286.466666666667
2023-02-06,10468,6322752.92,2881,2023,2,1,0,6,6,0,11013.0,9884.0,10533.0,10219.0,10630.285714285714,10460.785714285714,10318.366666666667
2023-02-07,10836,6657538.05,2993,2023,2,1,1,7,6,0,10468.0,10184.0,9917.0,9972.0,10713.714285714286,10456.142857142857,10326.666666666666
2023-02-08,10772,6777963.55,2952,2023,2,1,2,8,6,0,10836.0,11063.0,10541.0,10358.0,10806.857142857143,10521.785714285714,10355.466666666667
2023-02-09,10584,6548430.42,2914,2023,2,1,3,9,6,0,10772.0,11046.0,10564.0,10077.0,10765.285714285714,10538.285714285714,10369.266666666666
2023-02-10,10394,6390600.21,2890,2023,2,1,4,10,6,0,10584.0,10638.0,10321.0,10219.0,10699.285714285714,10539.714285714286,10386.166666666666
2023-02-11,10571,6479864.2,2960,2023,2,1,5,11,6,1,10394.0,10584.0,10431.0,10124.0,10664.42857142857,10544.92857142857,10392.0
2023-02-12,10685,6681306.46,2930,2023,2,1,6,12,6,1,10571.0,11013.0,9732.0,10400.0,10662.57142857143,10554.92857142857,10406.9
2023-02-13,10788,6723976.36,2984,2023,2,1,0,13,7,0,10685.0,10468.0,9884.0,10743.0,10615.714285714286,10623.0,10416.4
2023-02-14,10734,6708875.04,2948,2023,2,1,1,14,7,0,10788.0,10836.0,10184.0,9955.0,10661.42857142857,10687.57142857143,10417.9
2023-02-15,10332,6308982.96,2923,2023,2,1,2,15,7,0,10734.0,10772.0,11063.0,10360.0,10646.857142857143,10726.857142857143,10443.866666666667
2023-02-16,10447,6558979.8,2952,2023,2,1,3,16,7,0,10332.0,10584.0,11046.0,10029.0,10584.0,10674.642857142857,10442.933333333332
2023-02-17,10834,6773878.75,2990,2023,2,1,4,17,7,0,10447.0,10394.0,10638.0,10177.0,10564.42857142857,10631.857142857143,10456.866666666667
2023-02-18,10464,6554237.76,2905,2023,2,1,5,18,7,1,10834.0,10571.0,10584.0,9831.0,10627.285714285714,10645.857142857143,10478.766666666666
2023-02-19,10384,6208948.78,2882,2023,2,1,6,19,7,1,10464.0,10685.0,11013.0,10418.0,10612.0,10637.285714285714,10499.866666666667
2023-02-20,10407,6556834.47,2891,2023,2,1,0,20,8,0,10384.0,10788.0,10468.0,10255.0,10569.0,10592.357142857143,10498.733333333334
2023-02-21,10549,6537302.47,2937,2023,2,1,1,21,8,0,10407.0,10734.0,10836.0,9963.0,10514.57142857143,10588.0,10503.8
2023-02-22,11157,7005901.93,3029,2023,2,1,2,22,8,0,10549.0,10332.0,10772.0,10533.0,10488.142857142857,10567.5,10523.333333333334
2023-02-23,10476,6560901.51,2908,2023,2,1,3,23,8,0,11157.0,10447.0,10584.0,9917.0,10606.0,10595.0,10544.133333333333
2023-02-24,10413,6305025.29,2930,2023,2,1,4,24,8,0,10476.0,10834.0,10394.0,10541.0,10610.142857142857,10587.285714285714,10562.766666666666
2023-02-25,10513,6319103.05,2878,2023,2,1,5,25,8,1,10413.0,10464.0,10571.0,10564.0,10550.0,10588.642857142857,10558.5
2023-02-26,10279,6342032.31,2841,2023,2,1,6,26,8,1,10513.0,10384.0,10685.0,10321.0,10557.0,10584.5,10556.8
2023-02-27,10828,6527886.01,2902,2023,2,1,0,27,9,0,10279.0,10407.0,10788.0,10431.0,10542.0,10555.5,10555.4
2023-02-28,10349,6331231.4,2902,2023,2,1,1,28,9,0,10828.0,10549.0,10734.0,9732.0,10602.142857142857,10558.357142857143,10568.633333333333
2023-03-01,11390,6851306.18,3144,2023,3,1,2,1,9,0,10349.0,11157.0,10332.0,9884.0,10573.57142857143,10530.857142857143,10589.2
2023-03-02,11288,7028753.17,3118,2023,3,1,3,2,9,0,11390.0,10476.0,10447.0,10184.0,10606.857142857143,10606.42857142857,10639.4
2023-03-03,11441,7057716.96,3226,2023,3,1,4,3,9,0,11288.0,10413.0,10834.0,11063.0,10722.857142857143,10666.5,10676.2
2023-03-04,11124,6828675.77,3062,2023,3,1,5,4,9,1,11441.0,10513.0,10464.0,11046.0,10869.714285714286,10709.857142857143,10688.8
2023-03-05,11285,6830731.17,3117,2023,3,1,6,5,9,1,11124.0,10279.0,10384.0,10638.0,10957.0,10757.0,10691.4
2023-03-06,11151,6982805.76,3082,2023,3,1,0,6,10,0,11285.0,10828.0,10407.0,10584.0,11100.714285714286,10821.357142857143,10712.966666666667
2023-03-07,11501,6862463.25,3171,2023,3,1,1,7,10,0,11151.0,10349.0,10549.0,11013.0,11146.857142857143,10874.5,10731.866666666667
2023-03-08,11043,6285051.41,3055,2023,3,1,2,8,10,0,11501.0,11390.0,11157.0,10468.0,11311.42857142857,10942.5,10748.133333333333
2023-03-09,11510,6404836.21,3156,2023,3,1,3,9,10,0,11043.0,11288.0,10476.0,10836.0,11261.857142857143,10934.357142857143,10767.3
2023-03-10,11173,6257574.93,3087,2023,3,1,4,10,10,0,11510.0,11441.0,10413.0,10772.0,11293.57142857143,11008.214285714286,10789.766666666666
2023-03-11,11673,6648966.91,3225,2023,3,1,5,11,10,1,11173.0,11124.0,10513.0,10584.0,11255.285714285714,11062.5,10803.133333333333
2023-03-12,11574,6375632.33,3148,2023,3,1,6,12,10,1,11673.0,11285.0,10279.0,10394.0,11333.714285714286,11145.357142857143,10839.433333333332
2023-03-13,11589,6077414.0,3176,2023,3,1,0,13,11,0,11574.0,11151.0,10828.0,10571.0,11375.0,11237.857142857143,10878.766666666666
2023-03-14,11669,6234768.42,3223,2023,3,1,1,14,11,0,11589.0,11501.0,10349.0,10685.0,11437.57142857143,11292.214285714286,10912.7
2023-03-15,11308,5965725.0,3094,2023,3,1,2,15,11,0,11669.0,11043.0,11390.0,10788.0,11461.57142857143,11386.5,10945.5
2023-03-16,11423,5937598.82,3118,2023,3,1,3,16,11,0,11308.0,11510.0,11288.0,10734.0,11499.42857142857,11380.642857142857,10962.833333333334
2023-03-17,11338,5982630.35,3159,2023,3,1,4,17,11,0,11423.0,11173.0,11441.0,10332.0,11487.0,11390.285714285714,10985.8
2023-03-18,11530,6065515.13,3132,2023,3,1,5,18,11,1,11338.0,11673.0,11124.0,10447.0,11510.57142857143,11382.92857142857,11019.333333333334
2023-03-19,10994,5741428.53,3043,2023,3,1,6,19,11,1,11530.0,11574.0,11285.0,10834.0,11490.142857142857,11411.92857142857,11055.433333333332
2023-03-20,11638,6271418.07,3205,2023,3,1,0,20,12,0,10994.0,11589.0,11151.0,10464.0,11407.285714285714,11391.142857142857,11060.766666666666
2023-03-21,11342,6007376.31,3073,2023,3,1,1,21,12,0,11638.0,11669.0,11501.0,10384.0,11414.285714285714,11425.92857142857,11099.9
2023-03-22,11339,6212096.7,3088,2023,3,1,2,22,12,0,11342.0,11308.0,11043.0,10407.0,11367.57142857143,11414.57142857143,11131.833333333334
2023-03-23,11251,6373813.17,3167,2023,3,1,3,23,12,0,11339.0,11423.0,11510.0,10549.0,11372.0,11435.714285714286,11162.9
2023-03-24,11807,6662421.76,3184,2023,3,1,4,24,12,0,11251.0,11338.0,11173.0,11157.0,11347.42857142857,11417.214285714286,11186.3
2023-03-25,11248,6336851.03,3129,2023,3,1,5,25,12,1,11807.0,11530.0,11673.0,10476.0,11414.42857142857,11462.5,11207.966666666667
2023-03-26,11413,6263564.25,3137,2023,3,1,6,26,12,1,11248.0,10994.0,11574.0,10413.0,11374.142857142857,11432.142857142857,11233.7
2023-03-27,11009,6138718.43,3067,2023,3,1,0,27,13,0,11413.0,11638.0,11589.0,10513.0,11434.0,11420.642857142857,11267.033333333333
2023-03-28,11310,6387171.39,3137,2023,3,1,1,28,13,0,11009.0,11342.0,11669.0,10279.0,11344.142857142857,11379.214285714286,11283.566666666668
2023-03-29,11123,6198273.66,3161,2023,3,1,2,29,13,0,11310.0,11339.0,11308.0,10828.0,11339.57142857143,11353.57142857143,11317.933333333332
2023-03-30,11333,6334692.3,3112,2023,3,1,3,30,13,0,11123.0,11251.0,11423.0,10349.0,11308.714285714286,11340.357142857143,11327.766666666666
2023-03-31,11063,6629277.32,3090,2023,3,1,4,31,13,0,11333.0,11807.0,11338.0,11390.0,11320.42857142857,11333.92857142857,11360.566666666668
2023-04-01,11988,7119512.85,3288,2023,4,2,5,1,13,1,11063.0,11248.0,11530.0,11288.0,11214.142857142857,11314.285714285714,11349.666666666666
2023-04-02,11398,6874444.63,3181,2023,4,2,6,2,13,1,11988.0,11413.0,10994.0,11441.0,11319.857142857143,11347.0,11373.0
2023-04-03,11540,6764630.32,3225,2023,4,2,0,3,14,0,11398.0,11009.0,11638.0,11124.0,11317.714285714286,11375.857142857143,11371.566666666668
2023-04-04,11674,6981026.1,3232,2023,4,2,1,4,14,0,11540.0,11310.0,11342.0,11285.0,11393.57142857143,11368.857142857143,11385.433333333332
2023-04-05,11055,6296022.18,3114,2023,4,2,2,5,14,0,11674.0,11123.0,11339.0,11151.0,11445.57142857143,11392.57142857143,11398.4
2023-04-06,11998,6932418.87,3314,2023,4,2,3,6,14,0,11055.0,11333.0,11251.0,11501.0,11435.857142857143,11372.285714285714,11395.2
2023-04-07,11560,6881574.52,3161,2023,4,2,4,7,14,0,11998.0,11063.0,11807.0,11043.0,11530.857142857143,11425.642857142857,11411.766666666666
2023-04-08,11746,6933440.2,3192,2023,4,2,5,8,14,1,11560.0,11988.0,11248.0,11510.0,11601.857142857143,11408.0,11429.0
2023-04-09,11507,5463750.61,3217,2023,4,2,6,9,14,1,11746.0,11398.0,11413.0,11173.0,11567.285714285714,11443.57142857143,11436.866666666667
2023-04-10,11515,5474648.7,3196,2023,4,2,0,10,15,0,11507.0,11540.0,11009.0,11673.0,11582.857142857143,11450.285714285714,11448.0
2023-04-11,11531,5602448.33,3175,2023,4,2,1,11,15,0,11515.0,11674.0,11310.0,11574.0,11579.285714285714,11486.42857142857,11442.733333333334
2023-04-12,11791,5487780.55,3270,2023,4,2,2,12,15,0,11531.0,11055.0,11123.0,11589.0,11558.857142857143,11502.214285714286,11441.3
2023-04-13,12024,5805042.26,3278,2023,4,2,3,13,15,0,11791.0,11998.0,11333.0,11669.0,11664.0,11549.92857142857,11448.033333333333
2023-04-14,11665,5555128.95,3168,2023,4,2,4,14,15,0,12024.0,11560.0,11063.0,11308.0,11667.714285714286,11599.285714285714,11459.866666666667
2023-04-15,11980,5760905.83,3266,2023,4,2,5,15,15,1,11665.0,11746.0,11988.0,11423.0,11682.714285714286,11642.285714285714,11471.766666666666
2023-04-16,11795,5831778.53,3207,2023,4,2,6,16,15,1,11980.0,11507.0,11398.0,11338.0,11716.142857142857,11641.714285714286,11490.333333333334
2023-04-17,11891,5759269.97,3246,2023,4,2,0,17,16,0,11795.0,11515.0,11540.0,11530.0,11757.285714285714,11670.07142857143,11505.566666666668
2023-04-18,11596,5561027.29,3233,2023,4,2,1,18,16,0,11891.0,11531.0,11674.0,10994.0,11811.0,11695.142857142857,11517.6
2023-04-19,12077,7649919.43,3336,2023,4,2,2,19,16,0,11596.0,11791.0,11055.0,11638.0,11820.285714285714,11689.57142857143,11537.666666666666
2023-04-20,12459,7874654.8,3344,2023,4,2,3,20,16,0,12077.0,12024.0,11998.0,11342.0,11861.142857142857,11762.57142857143,11552.3
2023-04-21,11554,6963916.33,3283,2023,4,2,4,21,16,0,12459.0,11665.0,11560.0,11339.0,11923.285714285714,11795.5,11589.533333333333
2023-04-22,11845,7500740.36,3311,2023,4,2,5,22,16,1,11554.0,11980.0,11746.0,11251.0,11907.42857142857,11795.07142857143,11596.7
2023-04-23,11704,7243939.62,3229,2023,4,2,6,23,16,1,11845.0,11795.0,11507.0,11807.0,11888.142857142857,11802.142857142857,11616.5
2023-04-24,11456,7020862.49,3172,2023,4,2,0,24,17,0,11704.0,11891.0,11515.0,11248.0,11875.142857142857,11816.214285714286,11613.066666666668
2023-04-25,11302,7224827.45,3124,2023,4,2,1,25,17,0,11456.0,11596.0,11531.0,11413.0,11813.0,11812.0,11620.0
2023-04-26,11648,7212170.33,3264,2023,4,2,2,26,17,0,11302.0,12077.0,11791.0,11009.0,11771.0,11795.642857142857,11616.3
2023-04-27,11803,7328773.46,3257,2023,4,2,3,27,17,0,11648.0,12459.0,12024.0,11310.0,11709.714285714286,11785.42857142857,11637.6
2023-04-28,11834,7343155.08,3220,2023,4,2,4,28,17,0,11803.0,11554.0,11665.0,11123.0,11616.0,11769.642857142857,11654.033333333333
2023-04-29,11647,7353084.89,3189,2023,4,2,5,29,17,1,11834.0,11845.0,11980.0,11333.0,11656.0,11781.714285714286,11677.733333333334
2023-04-30,11557,7278176.32,3180,2023,4,2,6,30,17,1,11647.0,11704.0,11795.0,11063.0,11627.714285714286,11757.92857142857,11688.2
2023-05-01,11820,7376416.96,3252,2023,5,2,0,1,18,0,11557.0,11456.0,11891.0,11988.0,11606.714285714286,11740.92857142857,11704.666666666666
2023-05-02,12115,7433720.29,3294,2023,5,2,1,2,18,0,11820.0,11302.0,11596.0,11398.0,11658.714285714286,11735.857142857143,11699.066666666668
2023-05-03,12343,7591619.34,3350,2023,5,2,2,3,18,0,12115.0,11648.0,12077.0,11540.0,11774.857142857143,11772.92857142857,11722.966666666667
2023-05-04,11788,7533360.2,3229,2023,5,2,3,4,18,0,12343.0,11803.0,12459.0,11674.0,11874.142857142857,11791.92857142857,11749.733333333334
2023-05-05,12398,7823686.62,3327,2023,5,2,4,5,18,0,11788.0,11834.0,11554.0,11055.0,11872.0,11744.0,11753.533333333333
2023-05-06,11888,7567688.11,3286,2023,5,2,5,6,18,1,12398.0,11647.0,11845.0,11998.0,11952.57142857143,11804.285714285714,11798.3
2023-05-07,12399,7713187.68,3457,2023,5,2,6,7,18,1,11888.0,11557.0,11704.0,11560.0,11987.0,11807.357142857143,11794.633333333333
2023-05-08,12018,7437204.91,3295,2023,5,2,0,8,19,0,12399.0,11820.0,11456.0,11746.0,12107.285714285714,11857.0,11822.6
2023-05-09,12424,7591657.76,3390,2023,5,2,1,9,19,0,12018.0,12115.0,11302.0,11507.0,12135.57142857143,11897.142857142857,11831.666666666666
2023-05-10,11976,7478522.55,3322,2023,5,2,2,10,19,0,12424.0,12343.0,11648.0,11515.0,12179.714285714286,11977.285714285714,11862.233333333334
2023-05-11,12049,7376229.75,3287,2023,5,2,3,11,19,0,11976.0,11788.0,11803.0,11531.0,12127.285714285714,12000.714285714286,11877.6
2023-05-12,12408,7687628.76,3338,2023,5,2,4,12,19,0,12049.0,12398.0,11834.0,11791.0,12164.57142857143,12018.285714285714,11894.866666666667
2023-05-13,11727,7432056.66,3226,2023,5,2,5,13,19,1,12408.0,11888.0,11647.0,12024.0,12166.0,12059.285714285714,11915.433333333332
2023-05-14,12000,7059208.03,3308,2023,5,2,6,14,19,1,11727.0,12399.0,11557.0,11665.0,12143.0,12065.0,11905.533333333333
2023-05-15,11839,7360120.51,3286,2023,5,2,0,15,20,0,12000.0,12018.0,11820.0,11980.0,12086.0,12096.642857142857,11916.7
2023-05-16,11751,7218179.46,3304,2023,5,2,1,16,20,0,11839.0,12424.0,12115.0,11795.0,12060.42857142857,12098.0,11912.0
2023-05-17,12299,7518050.86,3341,2023,5,2,2,17,20,0,11751.0,11976.0,12343.0,11891.0,11964.285714285714,12072.0,11910.533333333333
2023-05-18,11776,7309183.86,3275,2023,5,2,3,18,20,0,12299.0,12049.0,11788.0,11596.0,12010.42857142857,12068.857142857143,11924.133333333333
2023-05-19,12016,7528416.51,3258,2023,5,2,4,19,20,0,11776.0,12408.0,12398.0,12077.0,11971.42857142857,12068.0,11930.133333333333
2023-05-20,12493,7742279.59,3362,2023,5,2,5,20,20,1,12016.0,11727.0,11888.0,12459.0,11915.42857142857,12040.714285714286,11928.1
2023-05-21,12075,7468502.61,3373,2023,5,2,6,21,20,1,12493.0,12000.0,12399.0,11554.0,12024.857142857143,12083.92857142857,11929.233333333334
2023-05-22,11822,7316748.77,3297,2023,5,2,0,22,21,0,12075.0,11839.0,12018.0,11845.0,12035.57142857143,12060.785714285714,11946.6
2023-05-23,11810,7448354.26,3290,2023,5,2,1,23,21,0,11822.0,11751.0,12424.0,11704.0,12033.142857142857,12046.785714285714,11945.833333333334
2023-05-24,11862,7636545.9,3278,2023,5,2,2,24,21,0,11810.0,12299.0,11976.0,11456.0,12041.57142857143,12002.92857142857,11949.366666666667
2023-05-25,12018,7570044.07,3269,2023,5,2,3,25,21,0,11862.0,11776.0,12049.0,11302.0,11979.142857142857,11994.785714285714,11962.9
2023-05-26,12001,7667966.62,3320,2023,5,2,4,26,21,0,12018.0,12016.0,12408.0,11648.0,12013.714285714286,11992.57142857143,11986.766666666666
2023-05-27,11988,7385891.86,3283,2023,5,2,5,27,21,1,12001.0,12493.0,11727.0,11803.0,12011.57142857143,11963.5,11998.533333333333
2023-05-28,11993,7510525.39,3309,2023,5,2,6,28,21,1,11988.0,12075.0,12000.0,11834.0,11939.42857142857,11982.142857142857,12004.7
2023-05-29,11914,7270701.96,3322,2023,5,2,0,29,22,0,11993.0,11822.0,11839.0,11647.0,11927.714285714286,11981.642857142857,12010.0
2023-05-30,12003,7550198.82,3296,2023,5,2,1,30,22,0,11914.0,11810.0,11751.0,11557.0,11940.857142857143,11987.0,12018.9
2023-05-31,11991,7412870.44,3336,2023,5,2,2,31,22,0,12003.0,11862.0,12299.0,11820.0,11968.42857142857,12005.0,12033.766666666666
2023-06-01,12365,4616992.48,3379,2023,6,2,3,1,22,0,11991.0,12018.0,11776.0,12115.0,11986.857142857143,11983.0,12039.466666666667
2023-06-02,12141,4538353.77,3316,2023,6,2,4,2,22,0,12365.0,12001.0,12016.0,12343.0,12036.42857142857,12025.07142857143,12047.8
2023-06-03,12306,4579624.32,3359,2023,6,2,5,3,22,1,12141.0,11988.0,12493.0,11788.0,12056.42857142857,12034.0,12041.066666666668
2023-06-04,12282,4648699.34,3387,2023,6,2,6,4,22,1,12306.0,11993.0,12075.0,12398.0,12101.857142857143,12020.642857142857,12058.333333333334
2023-06-05,12253,4588340.06,3416,2023,6,2,0,5,23,0,12282.0,11914.0,11822.0,11888.0,12143.142857142857,12035.42857142857,12054.466666666667
2023-06-06,12001,4434313.93,3353,2023,6,2,1,6,23,0,12253.0,12003.0,11810.0,12399.0,12191.57142857143,12066.214285714286,12066.633333333333
2023-06-07,12798,5145291.78,3412,2023,6,2,2,7,23,0,12001.0,11991.0,11862.0,12018.0,12191.285714285714,12079.857142857143,12053.366666666667
2023-06-08,12233,4908869.45,3360,2023,6,2,3,8,23,0,12798.0,12365.0,12018.0,12424.0,12306.57142857143,12146.714285714286,12079.366666666667
2023-06-09,12040,4895001.44,3298,2023,6,2,4,9,23,0,12233.0,12141.0,12001.0,11976.0,12287.714285714286,12162.07142857143,12073.0
2023-06-10,12362,5016572.65,3418,2023,6,2,5,10,23,1,12040.0,12306.0,11988.0,12049.0,12273.285714285714,12164.857142857143,12075.133333333333
2023-06-11,12289,5974277.34,3345,2023,6,2,6,11,23,1,12362.0,12282.0,11993.0,12408.0,12281.285714285714,12191.57142857143,12085.566666666668
2023-06-12,12148,7373247.7,3396,2023,6,2,0,12,24,0,12289.0,12253.0,11914.0,11727.0,12282.285714285714,12212.714285714286,12081.6
2023-06-13,13078,7949192.8,3535,2023,6,2,1,13,24,0,12148.0,12001.0,12003.0,12000.0,12267.285714285714,12229.42857142857,12095.633333333333
2023-06-14,12682,7698657.57,3512,2023,6,2,2,14,24,0,13078.0,12798.0,11991.0,11839.0,12421.142857142857,12306.214285714286,12131.566666666668
2023-06-15,12229,7295370.23,3409,2023,6,2,3,15,24,0,12682.0,12233.0,12365.0,11751.0,12404.57142857143,12355.57142857143,12159.666666666666
2023-06-16,12505,7494137.4,3446,2023,6,2,4,16,24,0,12229.0,12040.0,12141.0,12299.0,12404.0,12345.857142857143,12175.6
2023-06-17,12276,7298771.82,3386,2023,6,2,5,17,24,1,12505.0,12362.0,12306.0,11776.0,12470.42857142857,12371.857142857143,12182.466666666667
2023-06-18,12256,7393905.66,3429,2023,6,2,6,18,24,1,12276.0,12289.0,12282.0,12016.0,12458.142857142857,12369.714285714286,12199.133333333333
2023-06-19,11930,7072823.16,3305,2023,6,2,0,19,25,0,12256.0,12148.0,12253.0,12493.0,12453.42857142857,12367.857142857143,12207.133333333333
2023-06-20,12370,7459307.48,3471,2023,6,2,1,20,25,0,11930.0,13078.0,12001.0,12075.0,12422.285714285714,12344.785714285714,12188.366666666667
2023-06-21,12458,7693264.1,3407,2023,6,2,2,21,25,0,12370.0,12682.0,12798.0,11822.0,12321.142857142857,12371.142857142857,12198.2
2023-06-22,12078,7481689.0,3380,2023,6,2,3,22,25,0,12458.0,12229.0,12233.0,11810.0,12289.142857142857,12346.857142857143,12219.4
2023-06-23,12498,7847247.85,3442,2023,6,2,4,23,25,0,12078.0,12505.0,12040.0,11862.0,12267.57142857143,12335.785714285714,12228.333333333334
2023-06-24,12783,7900829.28,3516,2023,6,2,5,24,25,1,12498.0,12276.0,12362.0,12018.0,12266.57142857143,12368.5,12249.533333333333
2023-06-25,12594,7724176.12,3529,2023,6,2,6,25,25,1,12783.0,12256.0,12289.0,12001.0,12339.0,12398.57142857143,12275.033333333333
2023-06-26,12530,7749882.05,3478,2023,6,2,0,26,26,0,12594.0,11930.0,12148.0,11988.0,12387.285714285714,12420.357142857143,12294.8
2023-06-27,12881,7983678.22,3495,2023,6,2,1,27,26,0,12530.0,12370.0,13078.0,11993.0,12473.0,12447.642857142857,12312.866666666667
2023-06-28,12319,7780463.69,3467,2023,6,2,2,28,26,0,12881.0,12458.0,12682.0,11914.0,12546.0,12433.57142857143,12342.466666666667
2023-06-29,12211,7559665.09,3440,2023,6,2,3,29,26,0,12319.0,12078.0,12229.0,12003.0,12526.142857142857,12407.642857142857,12355.966666666667
2023-06-30,12326,7442948.79,3434,2023,6,2,4,30,26,0,12211.0,12498.0,12505.0,11991.0,12545.142857142857,12406.357142857143,12362.9
2023-07-01,11418,7058357.16,3152,2023,7,3,5,1,26,1,12326.0,12783.0,12276.0,12365.0,12520.57142857143,12393.57142857143,12374.066666666668
2023-07-02,11186,6833438.63,3124,2023,7,3,6,2,26,1,11418.0,12594.0,12256.0,12141.0,12325.57142857143,12332.285714285714,12342.5
2023-07-03,11393,7081572.44,3174,2023,7,3,0,3,27,0,11186.0,12530.0,11930.0,12306.0,12124.42857142857,12255.857142857143,12310.666666666666
2023-07-04,11233,6940967.38,3178,2023,7,3,1,4,27,0,11393.0,12881.0,12370.0,12282.0,11962.0,12217.5,12280.233333333334
2023-07-05,11090,6766136.77,3170,2023,7,3,2,5,27,0,11233.0,12319.0,12458.0,12253.0,11726.57142857143,12136.285714285714,12245.266666666666
2023-07-06,11314,7024525.72,3119,2023,7,3,3,6,27,0,11090.0,12211.0,12078.0,12001.0,11551.0,12038.57142857143,12206.5
2023-07-07,10847,6796329.22,3018,2023,7,3,4,7,27,0,11314.0,12326.0,12498.0,12798.0,11422.857142857143,11984.0,12183.6
2023-07-08,11240,6935755.18,3125,2023,7,3,5,8,27,1,10847.0,11418.0,12783.0,12233.0,11211.57142857143,11866.07142857143,12118.566666666668
2023-07-09,11440,7244462.4,3150,2023,7,3,6,9,27,1,11240.0,11186.0,12594.0,12040.0,11186.142857142857,11755.857142857143,12085.466666666667
2023-07-10,11553,7386722.93,3155,2023,7,3,0,10,28,0,11440.0,11393.0,12530.0,12362.0,11222.42857142857,11673.42857142857,12065.466666666667
2023-07-11,11080,6884391.07,3050,2023,7,3,1,11,28,0,11553.0,11233.0,12881.0,12289.0,11245.285714285714,11603.642857142857,12038.5
2023-07-12,11301,6950634.38,3123,2023,7,3,2,12,28,0,11080.0,11090.0,12319.0,12148.0,11223.42857142857,11475.0,11998.2
2023-07-13,11908,7205203.51,3221,2023,7,3,3,13,28,0,11301.0,11314.0,12211.0,13078.0,11253.57142857143,11402.285714285714,11969.966666666667
2023-07-14,11277,6702565.76,3121,2023,7,3,4,14,28,0,11908.0,10847.0,12326.0,12682.0,11338.42857142857,11380.642857142857,11930.966666666667
2023-07-15,11211,7063964.89,3126,2023,7,3,5,15,28,1,11277.0,11240.0,11418.0,12229.0,11399.857142857143,11305.714285714286,11884.133333333333
2023-07-16,11057,6455387.24,3057,2023,7,3,6,16,28,1,11211.0,11440.0,11186.0,12505.0,11395.714285714286,11290.92857142857,11850.2
2023-07-17,11329,6672048.77,3156,2023,7,3,0,17,29,0,11057.0,11553.0,11393.0,12276.0,11341.0,11281.714285714286,11801.933333333332
2023-07-18,11251,6945596.62,3112,2023,7,3,1,18,29,0,11329.0,11080.0,11233.0,12256.0,11309.0,11277.142857142857,11770.366666666667
2023-07-19,11367,6675006.5,3114,2023,7,3,2,19,29,0,11251.0,11301.0,11090.0,11930.0,11333.42857142857,11278.42857142857,11736.866666666667
2023-07-20,11204,6832899.31,3157,2023,7,3,3,20,29,0,11367.0,11908.0,11314.0,12370.0,11342.857142857143,11298.214285714286,11718.1
2023-07-21,10999,6301712.07,3093,2023,7,3,4,21,29,0,11204.0,11277.0,10847.0,12458.0,11242.285714285714,11290.357142857143,11679.233333333334
2023-07-22,11779,6965762.65,3165,2023,7,3,5,22,29,1,10999.0,11211.0,11240.0,12078.0,11202.57142857143,11301.214285714286,11630.6
2023-07-23,11250,3724002.01,3117,2023,7,3,6,23,29,1,11779.0,11057.0,11440.0,12498.0,11283.714285714286,11339.714285714286,11620.633333333333
2023-07-24,11272,3747251.97,3140,2023,7,3,0,24,30,0,11250.0,11329.0,11553.0,12783.0,11311.285714285714,11326.142857142857,11579.033333333333
2023-07-25,11017,3668894.78,3089,2023,7,3,1,25,30,0,11272.0,11251.0,11080.0,12594.0,11303.142857142857,11306.07142857143,11528.666666666666
2023-07-26,10879,3697851.27,3013,2023,7,3,2,26,30,0,11017.0,11367.0,11301.0,12530.0,11269.714285714286,11301.57142857143,11476.1
2023-07-27,11304,3787992.96,3131,2023,7,3,3,27,30,0,10879.0,11204.0,11908.0,12881.0,11200.0,11271.42857142857,11421.066666666668
2023-07-28,10753,3642859.59,3038,2023,7,3,4,28,30,0,11304.0,10999.0,11277.0,12319.0,11214.285714285714,11228.285714285714,11368.5
2023-07-29,11512,3848305.56,3178,2023,7,3,5,29,30,1,10753.0,11779.0,11211.0,12211.0,11179.142857142857,11190.857142857143,11316.3
2023-07-30,11492,3840137.23,3194,2023,7,3,6,30,30,1,11512.0,11250.0,11057.0,12326.0,11141.0,11212.357142857143,11293.0
2023-07-31,11228,3647274.9,3113,2023,7,3,0,31,31,0,11492.0,11272.0,11329.0,11418.0,11175.57142857143,11243.42857142857,11265.2
2023-08-01,12709,4220214.58,3466,2023,8,3,1,1,31,0,11228.0,11017.0,11251.0,11186.0,11169.285714285714,11236.214285714286,11258.866666666667
2023-08-02,12157,4093561.62,3405,2023,8,3,2,2,31,0,12709.0,10879.0,11367.0,11393.0,11411.0,11340.357142857143,11309.633333333333
2023-08-03,13069,4397324.99,3577,2023,8,3,3,3,31,0,12157.0,11304.0,11204.0,11233.0,11593.57142857143,11396.785714285714,11335.1
2023-08-04,12057,3956923.49,3337,2023,8,3,4,4,31,0,13069.0,10753.0,10999.0,11090.0,11845.714285714286,11530.0,11396.3
2023-08-05,12601,4269660.12,3442,2023,8,3,5,5,31,1,12057.0,11512.0,11779.0,11314.0,12032.0,11605.57142857143,11428.533333333333
2023-08-06,12941,4568896.4,3558,2023,8,3,6,6,31,1,12601.0,11492.0,11250.0,10847.0,12187.57142857143,11664.285714285714,11471.433333333332
2023-08-07,12880,4394126.81,3504,2023,8,3,0,7,32,0,12941.0,11228.0,11272.0,11240.0,12394.57142857143,11785.07142857143,11541.233333333334
2023-08-08,12552,4226201.9,3378,2023,8,3,1,8,32,0,12880.0,12709.0,11017.0,11440.0,12630.57142857143,11899.92857142857,11595.9
2023-08-09,12809,7506994.56,3548,2023,8,3,2,9,32,0,12552.0,12157.0,10879.0,11553.0,12608.142857142857,12009.57142857143,11632.966666666667
2023-08-10,12792,7625166.94,3508,2023,8,3,3,10,32,0,12809.0,13069.0,11304.0,11080.0,12701.285714285714,12147.42857142857,11674.833333333334
2023-08-11,12989,8025305.28,3551,2023,8,3,4,11,32,0,12792.0,12057.0,10753.0,11301.0,12661.714285714286,12253.714285714286,11731.9
2023-08-12,13021,8104101.36,3534,2023,8,3,5,12,32,1,12989.0,12601.0,11512.0,11908.0,12794.857142857143,12413.42857142857,11788.166666666666
2023-08-13,12901,7910280.66,3499,2023,8,3,6,13,32,1,13021.0,12941.0,11492.0,11277.0,12854.857142857143,12521.214285714286,11825.266666666666
2023-08-14,12900,8060646.42,3523,2023,8,3,0,14,33,0,12901.0,12880.0,11228.0,11211.0,12849.142857142857,12621.857142857143,11879.4
2023-08-15,12665,8015774.26,3479,2023,8,3,1,15,33,0,12900.0,12552.0,12709.0,11057.0,12852.0,12741.285714285714,11935.7
2023-08-16,12547,7611106.02,3517,2023,8,3,2,16,33,0,12665.0,12809.0,12157.0,11329.0,12868.142857142857,12738.142857142857,11989.3
2023-08-17,12360,7641490.19,3443,2023,8,3,3,17,33,0,12547.0,12792.0,13069.0,11251.0,12830.714285714286,12766.0,12029.9
2023-08-18,12238,7656406.5,3396,2023,8,3,4,18,33,0,12360.0,12989.0,12057.0,11367.0,12769.0,12715.357142857143,12066.866666666667
2023-08-19,12336,6621289.81,3399,2023,8,3,5,19,33,1,12238.0,13021.0,12601.0,11204.0,12661.714285714286,12728.285714285714,12095.9
2023-08-20,12822,6962156.2,3580,2023,8,3,6,20,33,1,12336.0,12901.0,12941.0,10999.0,12563.857142857143,12709.357142857143,12133.633333333333
2023-08-21,13284,7317022.32,3559,2023,8,3,0,21,34,0,12822.0,12900.0,12880.0,11779.0,12552.57142857143,12700.857142857143,12194.4
2023-08-22,12530,6720363.86,3510,2023,8,3,1,22,34,0,13284.0,12665.0,12552.0,11250.0,12607.42857142857,12729.714285714286,12244.566666666668
2023-08-23,12294,6776898.1,3421,2023,8,3,2,23,34,0,12530.0,12547.0,12809.0,11272.0,12588.142857142857,12728.142857142857,12287.233333333334
2023-08-24,12914,7063637.36,3528,2023,8,3,3,24,34,0,12294.0,12360.0,12792.0,11017.0,12552.0,12691.357142857143,12321.3
2023-08-25,12889,6938436.28,3548,2023,8,3,4,25,34,0,12914.0,12238.0,12989.0,10879.0,12631.142857142857,12700.07142857143,12384.533333333333
2023-08-26,12578,6719813.15,3465,2023,8,3,5,26,34,1,12889.0,12336.0,13021.0,11304.0,12724.142857142857,12692.92857142857,12451.533333333333
2023-08-27,12650,6836399.7,3431,2023,8,3,6,27,34,1,12578.0,12822.0,12901.0,10753.0,12758.714285714286,12661.285714285714,12494.0
2023-08-28,12649,6999546.94,3433,2023,8,3,0,28,35,0,12650.0,13284.0,12900.0,11512.0,12734.142857142857,12643.357142857143,12557.233333333334
2023-08-29,12413,6794587.28,3449,2023,8,3,1,29,35,0,12649.0,12530.0,12665.0,11492.0,12643.42857142857,12625.42857142857,12595.133333333333
2023-08-30,12978,6859524.43,3503,2023,8,3,2,30,35,0,12413.0,12294.0,12547.0,11228.0,12626.714285714286,12607.42857142857,12625.833333333334
2023-08-31,12157,6500230.89,3351,2023,8,3,3,31,35,0,12978.0,12914.0,12360.0,12709.0,12724.42857142857,12638.214285714286,12684.166666666666
2023-09-01,13438,7307313.94,3685,2023,9,3,4,1,35,0,12157.0,12889.0,12238.0,12157.0,12616.285714285714,12623.714285714286,12665.766666666666
2023-09-02,12824,6830208.71,3583,2023,9,3,5,2,35,1,13438.0,12578.0,12336.0,13069.0,12694.714285714286,12709.42857142857,12708.466666666667
2023-09-03,12735,6796602.44,3588,2023,9,3,6,3,35,1,12824.0,12650.0,12822.0,12057.0,12729.857142857143,12744.285714285714,12700.3
2023-09-04,13004,7075529.59,3622,2023,9,3,0,4,36,0,12735.0,12649.0,13284.0,12601.0,12742.0,12738.07142857143,12722.9
2023-09-05,12976,6955252.03,3532,2023,9,3,1,5,36,0,13004.0,12413.0,12530.0,12941.0,12792.714285714286,12718.07142857143,12736.333333333334
2023-09-06,13186,7155757.87,3557,2023,9,3,2,6,36,0,12976.0,12978.0,12294.0,12880.0,12873.142857142857,12749.92857142857,12737.5
2023-09-07,12756,6997951.77,3588,2023,9,3,3,7,36,0,13186.0,12157.0,12914.0,12552.0,12902.857142857143,12813.642857142857,12747.7
2023-09-08,13460,7355183.63,3708,2023,9,3,4,8,36,0,12756.0,13438.0,12889.0,12809.0,12988.42857142857,12802.357142857143,12754.5
2023-09-09,12944,7105913.34,3570,2023,9,3,5,9,36,1,13460.0,12824.0,12578.0,12792.0,12991.57142857143,12843.142857142857,12776.2
2023-09-10,13254,7149482.21,3621,2023,9,3,6,10,36,1,12944.0,12735.0,12650.0,12989.0,13008.714285714286,12869.285714285714,12781.266666666666
2023-09-11,13104,7189363.71,3633,2023,9,3,0,11,37,0,13254.0,13004.0,12649.0,13021.0,13082.857142857143,12912.42857142857,12790.1
2023-09-12,13100,7079020.31,3602,2023,9,3,1,12,37,0,13104.0,12976.0,12413.0,12901.0,13097.142857142857,12944.92857142857,12792.866666666667
2023-09-13,12985,7072437.1,3566,2023,9,3,2,13,37,0,13100.0,13186.0,12978.0,12900.0,13114.857142857143,12994.0,12799.5
2023-09-14,13099,7126992.19,3633,2023,9,3,3,14,37,0,12985.0,12756.0,12157.0,12665.0,13086.142857142857,12994.5,12802.333333333334
2023-09-15,12932,7112564.63,3539,2023,9,3,4,15,37,0,13099.0,13460.0,13438.0,12547.0,13135.142857142857,13061.785714285714,12816.8
2023-09-16,13040,8166941.11,3539,2023,9,3,5,16,37,1,12932.0,12944.0,12824.0,12360.0,13059.714285714286,13025.642857142857,12829.633333333333
2023-09-17,12786,7809563.66,3549,2023,9,3,6,17,37,1,13040.0,13254.0,12735.0,12238.0,13073.42857142857,13041.07142857143,12852.3
2023-09-18,13041,8222418.85,3592,2023,9,3,0,18,38,0,12786.0,13104.0,13004.0,12336.0,13006.57142857143,13044.714285714286,12870.566666666668
2023-09-19,12979,7766787.37,3579,2023,9,3,1,19,38,0,13041.0,13100.0,12976.0,12822.0,12997.57142857143,13047.357142857143,12894.066666666668
2023-09-20,12946,7849486.8,3595,2023,9,3,2,20,38,0,12979.0,12985.0,13186.0,13284.0,12980.285714285714,13047.57142857143,12899.3
2023-09-21,12988,7949710.81,3545,2023,9,3,3,21,38,0,12946.0,13099.0,12756.0,12530.0,12974.714285714286,13030.42857142857,12888.033333333333
2023-09-22,13510,8524516.85,3701,2023,9,3,4,22,38,0,12988.0,12932.0,13460.0,12294.0,12958.857142857143,13047.0,12903.3
2023-09-23,13160,8227821.45,3611,2023,9,3,5,23,38,1,13510.0,13040.0,12944.0,12914.0,13041.42857142857,13050.57142857143,12943.833333333334
2023-09-24,12921,7936926.16,3559,2023,9,3,6,24,38,1,13160.0,12786.0,13254.0,12889.0,13058.57142857143,13066.0,12952.033333333333
2023-09-25,12858,7876413.32,3575,2023,9,3,0,25,39,0,12921.0,13041.0,13104.0,12578.0,13077.857142857143,13042.214285714286,12953.1
2023-09-26,12913,7947316.67,3539,2023,9,3,1,26,39,0,12858.0,12979.0,13100.0,12650.0,13051.714285714286,13024.642857142857,12962.433333333332
2023-09-27,13179,8119489.01,3585,2023,9,3,2,27,39,0,12913.0,12946.0,12985.0,12649.0,13042.285714285714,13011.285714285714,12971.2
2023-09-28,13009,8078214.03,3601,2023,9,3,3,28,39,0,13179.0,12988.0,13099.0,12413.0,13075.57142857143,13025.142857142857,12988.866666666667
2023-09-29,13329,8137900.96,3603,2023,9,3,4,29,39,0,13009.0,13510.0,12932.0,12978.0,13078.57142857143,13018.714285714286,13008.733333333334
2023-09-30,12933,8027987.79,3659,2023,9,3,5,30,39,1,13329.0,13160.0,13040.0,12157.0,13052.714285714286,13047.07142857143,13020.433333333332
2023-10-01,12727,7822017.14,3456,2023,10,4,6,1,39,1,12933.0,12921.0,12786.0,13438.0,13020.285714285714,13039.42857142857,13046.3
2023-10-02,12658,7864996.27,3523,2023,10,4,0,2,40,0,12727.0,12858.0,13041.0,12824.0,12992.57142857143,13035.214285714286,13022.6
2023-10-03,12313,7654795.42,3457,2023,10,4,1,3,40,0,12658.0,12913.0,12979.0,12735.0,12964.0,13007.857142857143,13017.066666666668
2023-10-04,12820,8077315.81,3444,2023,10,4,2,4,40,0,12313.0,13179.0,12946.0,13004.0,12878.285714285714,12960.285714285714,13003.0
2023-10-05,13426,8458592.57,3588,2023,10,4,3,5,40,0,12820.0,13009.0,12988.0,12976.0,12827.0,12951.285714285714,12996.866666666667
2023-10-06,12987,7990434.9,3527,2023,10,4,4,6,40,0,13426.0,13329.0,13510.0,13186.0,12886.57142857143,12982.57142857143,13011.866666666667
2023-10-07,12091,7616903.43,3394,2023,10,4,5,7,40,1,12987.0,12933.0,13160.0,12756.0,12837.714285714286,12945.214285714286,13005.233333333334
2023-10-08,12362,7823536.11,3467,2023,10,4,6,8,40,1,12091.0,12727.0,12921.0,13460.0,12717.42857142857,12868.857142857143,12983.066666666668
2023-10-09,12943,8308108.89,3586,2023,10,4,0,9,41,0,12362.0,12658.0,12858.0,12944.0,12665.285714285714,12828.92857142857,12946.466666666667
2023-10-10,12248,7725412.12,3427,2023,10,4,1,10,41,0,12943.0,12313.0,12913.0,13254.0,12706.0,12835.0,12946.433333333332
2023-10-11,12409,7763261.72,3411,2023,10,4,2,11,41,0,12248.0,12820.0,13179.0,13104.0,12696.714285714286,12787.5,12912.9
2023-10-12,12104,7438227.74,3358,2023,10,4,3,12,41,0,12409.0,13426.0,13009.0,13100.0,12638.0,12732.5,12889.733333333334
2023-10-13,12612,7735434.18,3469,2023,10,4,4,13,41,0,12104.0,12987.0,13329.0,12985.0,12449.142857142857,12667.857142857143,12856.533333333333
2023-10-14,12937,8112904.7,3582,2023,10,4,5,14,41,1,12612.0,12091.0,12933.0,13099.0,12395.57142857143,12616.642857142857,12844.1
2023-10-15,12921,7572734.38,3578,2023,10,4,6,15,41,1,12937.0,12362.0,12727.0,12932.0,12516.42857142857,12616.92857142857,12838.7
2023-10-16,12429,7241432.39,3480,2023,10,4,0,16,42,0,12921.0,12943.0,12658.0,13040.0,12596.285714285714,12630.785714285714,12838.333333333334
2023-10-17,12728,7482436.27,3572,2023,10,4,1,17,42,0,12429.0,12248.0,12313.0,12786.0,12522.857142857143,12614.42857142857,12817.966666666667
2023-10-18,12614,7322605.62,3461,2023,10,4,2,18,42,0,12728.0,12409.0,12820.0,13041.0,12591.42857142857,12644.07142857143,12816.033333333333
2023-10-19,12785,7147834.07,3496,2023,10,4,3,19,42,0,12614.0,12104.0,13426.0,12979.0,12620.714285714286,12629.357142857143,12801.8
2023-10-20,12357,7115398.16,3418,2023,10,4,4,20,42,0,12785.0,12612.0,12987.0,12946.0,12718.0,12583.57142857143,12795.333333333334
2023-10-21,12699,7324003.49,3484,2023,10,4,5,21,42,1,12357.0,12937.0,12091.0,12988.0,12681.57142857143,12538.57142857143,12775.7
2023-10-22,12311,7064410.67,3429,2023,10,4,6,22,42,1,12699.0,12921.0,12362.0,13510.0,12647.57142857143,12582.0,12766.066666666668
2023-10-23,12333,7190031.96,3431,2023,10,4,0,23,43,0,12311.0,12429.0,12943.0,13160.0,12560.42857142857,12578.357142857143,12726.1
2023-10-24,13096,7626670.7,3534,2023,10,4,1,24,43,0,12333.0,12728.0,12248.0,12921.0,12546.714285714286,12534.785714285714,12698.533333333333
2023-10-25,12492,7144336.02,3464,2023,10,4,2,25,43,0,13096.0,12614.0,12409.0,12858.0,12599.285714285714,12595.357142857143,12704.366666666667
2023-10-26,12773,7408450.7,3477,2023,10,4,3,26,43,0,12492.0,12785.0,12104.0,12913.0,12581.857142857143,12601.285714285714,12692.166666666666
2023-10-27,12329,7244382.23,3458,2023,10,4,4,27,43,0,12773.0,12357.0,12612.0,13179.0,12580.142857142857,12649.07142857143,12687.5
2023-10-28,13034,7636476.37,3591,2023,10,4,5,28,43,1,12329.0,12699.0,12937.0,13009.0,12576.142857142857,12628.857142857143,12659.166666666666
2023-10-29,12615,7205320.4,3488,2023,10,4,6,29,43,1,13034.0,12311.0,12921.0,13329.0,12624.0,12635.785714285714,12660.0
2023-10-30,12374,7154387.06,3392,2023,10,4,0,30,44,0,12615.0,12333.0,12429.0,12933.0,12667.42857142857,12613.92857142857,12636.2
2023-10-31,12732,7393455.99,3502,2023,10,4,1,31,44,0,12374.0,13096.0,12728.0,12727.0,12673.285714285714,12610.0,12617.566666666668
2023-11-01,15557,9128607.93,4262,2023,11,4,2,1,44,0,12732.0,12492.0,12614.0,12658.0,12621.285714285714,12610.285714285714,12617.733333333334
2023-11-02,15524,9201373.65,4312,2023,11,4,3,2,44,0,15557.0,12773.0,12785.0,12313.0,13059.142857142857,12820.5,12714.366666666667
2023-11-03,15750,9200021.59,4360,2023,11,4,4,3,44,0,15524.0,12329.0,12357.0,12820.0,13452.142857142857,13016.142857142857,12821.4
2023-11-04,15797,9104523.78,4372,2023,11,4,5,4,44,1,15750.0,13034.0,12699.0,13426.0,13940.857142857143,13258.5,12919.066666666668
2023-11-05,15360,8842078.88,4301,2023,11,4,6,5,44,1,15797.0,12615.0,12311.0,12987.0,14335.57142857143,13479.785714285714,12998.1
2023-11-06,15898,9677366.92,4393,2023,11,4,0,6,45,0,15360.0,12374.0,12333.0,12091.0,14727.714285714286,13697.57142857143,13077.2
2023-11-07,15019,9069663.18,4156,2023,11,4,1,7,45,0,15898.0,12732.0,13096.0,12362.0,15231.142857142857,13952.214285714286,13204.1
2023-11-08,15706,9649308.21,4258,2023,11,4,2,8,45,0,15019.0,15557.0,12492.0,12943.0,15557.857142857143,14089.57142857143,13292.666666666666
2023-11-09,15572,9381934.32,4307,2023,11,4,3,9,45,0,15706.0,15524.0,12773.0,12248.0,15579.142857142857,14319.142857142857,13384.766666666666
2023-11-10,15477,9615251.38,4191,2023,11,4,4,10,45,0,15572.0,15750.0,12329.0,12409.0,15586.0,14519.07142857143,13495.566666666668
2023-11-11,15911,9490719.81,4311,2023,11,4,5,11,45,1,15477.0,15797.0,13034.0,12104.0,15547.0,14743.92857142857,13597.833333333334
2023-11-12,15438,9393394.08,4280,2023,11,4,6,12,45,1,15911.0,15360.0,12615.0,12612.0,15563.285714285714,14949.42857142857,13724.733333333334
2023-11-13,15563,9225023.33,4312,2023,11,4,0,13,46,0,15438.0,15898.0,12374.0,12937.0,15574.42857142857,15151.07142857143,13818.933333333332
2023-11-14,15144,9018235.24,4211,2023,11,4,1,14,46,0,15563.0,15019.0,12732.0,12921.0,15526.57142857143,15378.857142857143,13906.466666666667
2023-11-15,16015,9471732.93,4317,2023,11,4,2,15,46,0,15144.0,15706.0,15557.0,12429.0,15544.42857142857,15551.142857142857,13980.566666666668
2023-11-16,15239,9395133.83,4233,2023,11,4,3,16,46,0,16015.0,15572.0,15524.0,12728.0,15588.57142857143,15583.857142857143,14100.1
2023-11-17,16110,10045664.28,4412,2023,11,4,4,17,46,0,15239.0,15477.0,15750.0,12614.0,15541.0,15563.5,14183.8
2023-11-18,15285,9493692.83,4227,2023,11,4,5,18,46,1,16110.0,15911.0,15797.0,12785.0,15631.42857142857,15589.214285714286,14300.333333333334
2023-11-19,15498,9289305.83,4211,2023,11,4,6,19,46,1,15285.0,15438.0,15360.0,12357.0,15542.0,15552.642857142857,14383.666666666666
2023-11-20,15298,9191043.35,4276,2023,11,4,0,20,47,0,15498.0,15563.0,15898.0,12699.0,15550.57142857143,15562.5,14488.366666666667
2023-11-21,15467,9398304.99,4270,2023,11,4,1,21,47,0,15298.0,15144.0,15019.0,12311.0,15512.714285714286,15519.642857142857,14575.0
2023-11-22,15708,9736103.88,4269,2023,11,4,2,22,47,0,15467.0,16015.0,15706.0,12333.0,15558.857142857143,15551.642857142857,14680.2
2023-11-23,14986,9155351.45,4203,2023,11,4,3,23,47,0,15708.0,15239.0,15572.0,13096.0,15515.0,15551.785714285714,14792.7
2023-11-24,15017,9262904.96,4247,2023,11,4,4,24,47,0,14986.0,16110.0,15477.0,12492.0,15478.857142857143,15509.92857142857,14855.7
2023-11-25,15311,9422373.91,4224,2023,11,4,5,25,47,1,15017.0,15285.0,15911.0,12773.0,15322.714285714286,15477.07142857143,14939.866666666667
2023-11-26,15454,9292713.99,4260,2023,11,4,6,26,47,1,15311.0,15498.0,15438.0,12329.0,15326.42857142857,15434.214285714286,15024.466666666667
2023-11-27,15440,9541910.37,4249,2023,11,4,0,27,48,0,15454.0,15298.0,15563.0,13034.0,15320.142857142857,15435.357142857143,15128.633333333333
2023-11-28,15417,9414758.54,4211,2023,11,4,1,28,48,0,15440.0,15467.0,15144.0,12615.0,15340.42857142857,15426.57142857143,15208.833333333334
2023-11-29,15438,9151925.22,4301,2023,11,4,2,29,48,0,15417.0,15708.0,16015.0,12374.0,15333.285714285714,15446.07142857143,15302.233333333334
2023-11-30,15829,9624169.58,4363,2023,11,4,3,30,48,0,15438.0,14986.0,15239.0,12732.0,15294.714285714286,15404.857142857143,15404.366666666667
2023-12-01,16574,10369014.08,4625,2023,12,4,4,1,48,0,15829.0,15017.0,16110.0,15557.0,15415.142857142857,15447.0,15507.6
2023-12-02,16939,10289435.83,4661,2023,12,4,5,2,48,1,16574.0,15311.0,15285.0,15524.0,15637.57142857143,15480.142857142857,15541.5
2023-12-03,16594,9998851.29,4587,2023,12,4,6,3,48,1,16939.0,15454.0,15498.0,15750.0,15870.142857142857,15598.285714285714,15588.666666666666
2023-12-04,16581,10453843.85,4627,2023,12,4,0,4,49,0,16594.0,15440.0,15298.0,15797.0,16033.0,15676.57142857143,15616.8
2023-12-05,16506,10194140.73,4588,2023,12,4,1,5,49,0,16581.0,15417.0,15467.0,15360.0,16196.0,15768.214285714286,15642.933333333332
2023-12-06,16461,10125419.87,4618,2023,12,4,2,6,49,0,16506.0,15438.0,15708.0,15898.0,16351.57142857143,15842.42857142857,15681.133333333333
2023-12-07,16804,10385092.98,4626,2023,12,4,3,7,49,0,16461.0,15829.0,14986.0,15019.0,16497.714285714286,15896.214285714286,15699.9
2023-12-08,16542,10498809.96,4593,2023,12,4,4,8,49,0,16804.0,16574.0,15017.0,15706.0,16637.0,16026.07142857143,15759.4
2023-12-09,17212,10675211.15,4709,2023,12,4,5,9,49,1,16542.0,16939.0,15311.0,15572.0,16632.428571428572,16135.0,15787.266666666666
2023-12-10,17111,10633648.15,4704,2023,12,4,6,10,49,1,17212.0,16594.0,15454.0,15477.0,16671.428571428572,16270.785714285714,15841.933333333332
2023-12-11,16663,10392522.84,4678,2023,12,4,0,11,50,0,17111.0,16581.0,15440.0,15911.0,16745.285714285714,16389.14285714286,15896.4
2023-12-12,16809,10420780.08,4609,2023,12,4,1,12,50,0,16663.0,16506.0,15417.0,15438.0,16757.0,16476.5,15921.466666666667
2023-12-13,16641,10585042.92,4565,2023,12,4,2,13,50,0,16809.0,16461.0,15438.0,15563.0,16800.285714285714,16575.928571428572,15967.166666666666
2023-12-14,16997,10388492.87,4725,2023,12,4,3,14,50,0,16641.0,16804.0,15829.0,15144.0,16826.0,16661.85714285714,16003.1
2023-12-15,16278,10136117.3,4569,2023,12,4,4,15,50,0,16997.0,16542.0,16574.0,16015.0,16853.571428571428,16745.285714285714,16064.866666666667
2023-12-16,16979,10659293.75,4673,2023,12,4,5,16,50,1,16278.0,17212.0,16939.0,15239.0,16815.85714285714,16724.14285714286,16073.633333333333
2023-12-17,17108,10491449.52,4673,2023,12,4,6,17,50,1,16979.0,17111.0,16594.0,16110.0,16782.571428571428,16727.0,16131.633333333333
2023-12-18,16792,10457253.45,4613,2023,12,4,0,18,51,0,17108.0,16663.0,16581.0,15285.0,16782.14285714286,16763.714285714286,16164.9
2023-12-19,16920,10537787.07,4702,2023,12,4,1,19,51,0,16792.0,16809.0,16506.0,15498.0,16800.571428571428,16778.785714285714,16215.133333333333
2023-12-20,16894,10353263.76,4714,2023,12,4,2,20,51,0,16920.0,16641.0,16461.0,15298.0,16816.428571428572,16808.35714285714,16262.533333333333
2023-12-21,17064,10732843.37,4688,2023,12,4,3,21,51,0,16894.0,16997.0,16804.0,15467.0,16852.571428571428,16839.285714285714,16315.733333333334
2023-12-22,16495,10245658.58,4644,2023,12,4,4,22,51,0,17064.0,16278.0,16542.0,15708.0,16862.14285714286,16857.85714285714,16368.966666666667
2023-12-23,16164,6991819.23,4596,2023,12,4,5,23,51,1,16495.0,16979.0,17212.0,14986.0,16893.14285714286,16854.5,16395.2
2023-12-24,16613,7217486.58,4603,2023,12,4,6,24,51,1,16164.0,17108.0,17111.0,15017.0,16776.714285714286,16779.64285714286,16434.466666666667
2023-12-25,17022,7501748.75,4708,2023,12,4,0,25,52,0,16613.0,16792.0,16663.0,15311.0,16706.0,16744.071428571428,16487.666666666668
2023-12-26,16812,7447802.31,4669,2023,12,4,1,26,52,0,17022.0,16920.0,16809.0,15454.0,16738.85714285714,16769.714285714286,16544.7
2023-12-27,16800,7364618.83,4606,2023,12,4,2,27,52,0,16812.0,16894.0,16641.0,15440.0,16723.428571428572,16769.928571428572,16589.966666666667
2023-12-28,16374,7192362.68,4548,2023,12,4,3,28,52,0,16800.0,17064.0,16997.0,15417.0,16710.0,16781.285714285714,16635.3
2023-12-29,16801,7167496.21,4660,2023,12,4,4,29,52,0,16374.0,16495.0,16278.0,15438.0,16611.428571428572,16736.785714285714,16667.2
2023-12-30,16253,7110500.72,4543,2023,12,4,5,30,52,1,16801.0,16164.0,16979.0,15829.0,16655.14285714286,16774.14285714286,16712.633333333335
2023-12-31,16248,7113916.27,4488,2023,12,4,6,31,52,1,16253.0,16613.0,17108.0,16574.0,16667.85714285714,16722.285714285714,16726.766666666666
2024-01-01,11097,4749934.15,3017,2024,1,1,0,1,1,0,16248.0,17022.0,16792.0,16939.0,16615.714285714286,16660.85714285714,16715.9
2024-01-02,10873,4745105.91,3003,2024,1,1,1,2,1,0,11097.0,16812.0,16920.0,16594.0,15769.285714285714,16254.07142857143,16521.166666666668
2024-01-03,10444,4473461.7,2868,2024,1,1,2,3,1,0,10873.0,16800.0,16894.0,16581.0,14920.857142857143,15822.142857142857,16330.466666666667
2024-01-04,10836,6671213.93,3000,2024,1,1,3,4,1,0,10444.0,16374.0,17064.0,16506.0,14012.857142857143,15361.42857142857,16125.9
2024-01-05,11128,6800020.29,3078,2024,1,1,4,5,1,0,10836.0,16801.0,16495.0,16461.0,13221.714285714286,14916.57142857143,15936.9
2024-01-06,10510,6593857.21,2949,2024,1,1,5,6,1,1,11128.0,16253.0,16164.0,16804.0,12411.285714285714,14533.214285714286,15759.133333333333
2024-01-07,10980,6858189.96,3044,2024,1,1,6,7,1,1,10510.0,16248.0,16613.0,16542.0,11590.857142857143,14129.357142857143,15549.333333333334
2024-01-08,10762,6509505.56,2903,2024,1,1,0,8,2,0,10980.0,11097.0,17022.0,17212.0,10838.285714285714,13727.0,15363.933333333332
2024-01-09,11085,7145437.28,3006,2024,1,1,1,9,2,0,10762.0,10873.0,16812.0,17111.0,10790.42857142857,13279.857142857143,15148.933333333332
2024-01-10,10712,6665528.05,2966,2024,1,1,2,10,2,0,11085.0,10444.0,16800.0,16663.0,10820.714285714286,12870.785714285714,14948.066666666668
2024-01-11,10820,6771600.35,3012,2024,1,1,3,11,2,0,10712.0,10836.0,16374.0,16809.0,10859.0,12435.92857142857,14749.7
2024-01-12,10889,6710119.03,2994,2024,1,1,4,12,2,0,10820.0,11128.0,16801.0,16641.0,10856.714285714286,12039.214285714286,14550.066666666668
2024-01-13,11105,7152177.35,3104,2024,1,1,5,13,2,1,10889.0,10510.0,16253.0,16997.0,10822.57142857143,11616.92857142857,14358.333333333334
2024-01-14,10622,6670285.98,2941,2024,1,1,6,14,2,1,11105.0,10980.0,16248.0,16278.0,10907.57142857143,11249.214285714286,14161.933333333332
2024-01-15,10675,6615369.24,2963,2024,1,1,0,15,3,0,10622.0,10762.0,11097.0,16979.0,10856.42857142857,10847.357142857143,13973.4
2024-01-16,10110,6220217.92,2823,2024,1,1,1,16,3,0,10675.0,11085.0,10873.0,17108.0,10844.0,10817.214285714286,13763.266666666666
2024-01-17,10719,6678541.78,2947,2024,1,1,2,17,3,0,10110.0,10712.0,10444.0,16792.0,10704.714285714286,10762.714285714286,13530.0
2024-01-18,10341,6365030.05,2950,2024,1,1,3,18,3,0,10719.0,10820.0,10836.0,16920.0,10705.714285714286,10782.357142857143,13327.566666666668
2024-01-19,10683,6530565.53,2960,2024,1,1,4,19,3,0,10341.0,10889.0,11128.0,16894.0,10637.285714285714,10747.0,13108.266666666666
2024-01-20,11009,6786272.87,3019,2024,1,1,5,20,3,1,10683.0,11105.0,10510.0,17064.0,10607.857142857143,10715.214285714286,12901.233333333334
2024-01-21,10898,6723292.6,2993,2024,1,1,6,21,3,1,11009.0,10622.0,10980.0,16495.0,10594.142857142857,10750.857142857143,12699.4
2024-01-22,10785,3416709.23,2966,2024,1,1,0,22,4,0,10898.0,10675.0,10762.0,16164.0,10633.57142857143,10745.0,12512.833333333334
2024-01-23,10570,3456603.9,2892,2024,1,1,1,23,4,0,10785.0,10110.0,11085.0,16613.0,10649.285714285714,10746.642857142857,12333.533333333333
2024-01-24,11202,3569363.0,3053,2024,1,1,2,24,4,0,10570.0,10719.0,10712.0,17022.0,10715.0,10709.857142857143,12132.1
2024-01-25,10554,3371367.92,2912,2024,1,1,3,25,4,0,11202.0,10341.0,10820.0,16812.0,10784.0,10744.857142857143,11938.1
2024-01-26,11346,3595995.9,3014,2024,1,1,4,26,4,0,10554.0,10683.0,10889.0,16800.0,10814.42857142857,10725.857142857143,11729.5
2024-01-27,10872,3528314.33,3009,2024,1,1,5,27,4,1,11346.0,11009.0,11105.0,16374.0,10909.142857142857,10758.5,11547.7
2024-01-28,10669,3439006.5,2909,2024,1,1,6,28,4,1,10872.0,10898.0,10622.0,16801.0,10889.57142857143,10741.857142857143,11364.3
2024-01-29,10587,3326092.61,2939,2024,1,1,0,29,5,0,10669.0,10785.0,10675.0,16253.0,10856.857142857143,10745.214285714286,11159.9
2024-01-30,10634,3376851.91,2943,2024,1,1,1,30,5,0,10587.0,10570.0,10110.0,16248.0,10828.57142857143,10738.92857142857,10971.033333333333
2024-01-31,10928,6428471.74,2939,2024,1,1,2,31,5,0,10634.0,11202.0,10719.0,11097.0,10837.714285714286,10776.357142857143,10783.9
2024-02-01,11123,6779375.22,3079,2024,2,1,3,1,5,0,10928.0,10554.0,10341.0,10873.0,10798.57142857143,10791.285714285714,10778.266666666666
2024-02-02,10629,6637148.28,2984,2024,2,1,4,2,5,0,11123.0,11346.0,10683.0,10444.0,10879.857142857143,10847.142857142857,10786.6
2024-02-03,11078,6668653.29,3047,2024,2,1,5,3,5,1,10629.0,10872.0,11009.0,10836.0,10777.42857142857,10843.285714285714,10792.766666666666
2024-02-04,11085,6782725.34,3054,2024,2,1,6,4,5,1,11078.0,10669.0,10898.0,11128.0,10806.857142857143,10848.214285714286,10800.833333333334
2024-02-05,10971,6840420.98,3024,2024,2,1,0,5,6,0,11085.0,10587.0,10785.0,10510.0,10866.285714285714,10861.57142857143,10799.4
2024-02-06,10903,6588115.24,2998,2024,2,1,1,6,6,0,10971.0,10634.0,10570.0,10980.0,10921.142857142857,10874.857142857143,10814.766666666666
2024-02-07,11248,6797299.2,3070,2024,2,1,2,7,6,0,10903.0,10928.0,11202.0,10762.0,10959.57142857143,10898.642857142857,10812.2
2024-02-08,10701,6803326.73,2958,2024,2,1,3,8,6,0,11248.0,11123.0,10554.0,11085.0,11005.285714285714,10901.92857142857,10828.4
2024-02-09,10797,6623192.99,2961,2024,2,1,4,9,6,0,10701.0,10629.0,11346.0,10712.0,10945.0,10912.42857142857,10815.6
2024-02-10,10717,6756644.8,2951,2024,2,1,5,10,6,1,10797.0,11078.0,10872.0,10820.0,10969.0,10873.214285714286,10818.433333333332
2024-02-11,10852,6916188.27,3016,2024,2,1,6,11,6,1,10717.0,11085.0,10669.0,10889.0,10917.42857142857,10862.142857142857,10815.0
2024-02-12,11192,6790088.25,3075,2024,2,1,0,12,7,0,10852.0,10971.0,10587.0,11105.0,10884.142857142857,10875.214285714286,10813.766666666666
2024-02-13,10989,7055405.84,3015,2024,2,1,1,13,7,0,11192.0,10903.0,10634.0,10622.0,10915.714285714286,10918.42857142857,10816.666666666666
2024-02-14,10791,6903256.37,3043,2024,2,1,2,14,7,0,10989.0,11248.0,10928.0,10675.0,10928.0,10943.785714285714,10828.9
2024-02-15,10491,6460372.93,2937,2024,2,1,3,15,7,0,10791.0,10701.0,11123.0,10110.0,10862.714285714286,10934.0,10832.766666666666
2024-02-16,10784,6519966.89,2985,2024,2,1,4,16,7,0,10491.0,10797.0,10629.0,10719.0,10832.714285714286,10888.857142857143,10845.466666666667
2024-02-17,10494,6438575.73,2940,2024,2,1,5,17,7,1,10784.0,10717.0,11078.0,10341.0,10830.857142857143,10899.92857142857,10847.633333333333
2024-02-18,11408,6907378.09,3077,2024,2,1,6,18,7,1,10494.0,10852.0,11085.0,10683.0,10799.0,10858.214285714286,10852.733333333334
2024-02-19,10514,6508594.9,2963,2024,2,1,0,19,8,0,11408.0,11192.0,10971.0,11009.0,10878.42857142857,10881.285714285714,10876.9
2024-02-20,11276,6957084.04,3076,2024,2,1,1,20,8,0,10514.0,10989.0,10903.0,10898.0,10781.57142857143,10848.642857142857,10860.4
2024-02-21,10756,6604261.11,2996,2024,2,1,2,21,8,0,11276.0,10791.0,11248.0,10785.0,10822.57142857143,10875.285714285714,10873.0
2024-02-22,10720,6652829.87,2964,2024,2,1,3,22,8,0,10756.0,10491.0,10701.0,10570.0,10817.57142857143,10840.142857142857,10872.033333333333
2024-02-23,10864,6569430.31,2974,2024,2,1,4,23,8,0,10720.0,10784.0,10797.0,11202.0,10850.285714285714,10841.5,10877.033333333333
2024-02-24,10983,6922661.74,2995,2024,2,1,5,24,8,1,10864.0,10494.0,10717.0,10554.0,10861.714285714286,10846.285714285714,10865.766666666666
2024-02-25,10741,6666923.5,2966,2024,2,1,6,25,8,1,10983.0,11408.0,10852.0,11346.0,10931.57142857143,10865.285714285714,10880.066666666668
2024-02-26,11022,6963309.33,3051,2024,2,1,0,26,9,0,10741.0,10514.0,11192.0,10872.0,10836.285714285714,10857.357142857143,10859.9
2024-02-27,10905,6868448.7,2960,2024,2,1,1,27,9,0,11022.0,11276.0,10989.0,10669.0,10908.857142857143,10845.214285714286,10864.9
2024-02-28,10858,6693854.21,2978,2024,2,1,2,28,9,0,10905.0,10756.0,10791.0,10587.0,10855.857142857143,10839.214285714286,10872.766666666666
2024-02-29,10957,6804345.93,3010,2024,2,1,3,29,9,0,10858.0,10720.0,10491.0,10634.0,10870.42857142857,10844.0,10881.8
2024-03-01,11991,7420117.72,3315,2024,3,1,4,1,9,0,10957.0,10864.0,10784.0,10928.0,10904.285714285714,10877.285714285714,10892.566666666668
2024-03-02,12060,7440383.34,3365,2024,3,1,5,2,9,1,11991.0,10983.0,10494.0,11123.0,11065.285714285714,10963.5,10928.0
2024-03-03,11837,7301097.39,3252,2024,3,1,6,3,9,1,12060.0,10741.0,11408.0,10629.0,11219.142857142857,11075.357142857143,10959.233333333334
2024-03-04,11773,7484695.4799999995,3282,2024,3,1,0,4,10,0,11837.0,11022.0,10514.0,11078.0,11375.714285714286,11106.0,10999.5
2024-03-05,11824,7215509.61,3286,2024,3,1,1,5,10,0,11773.0,10905.0,11276.0,11085.0,11483.0,11195.92857142857,11022.666666666666
2024-03-06,11736,4149770.32,3313,2024,3,1,2,6,10,0,11824.0,10858.0,10756.0,10971.0,11614.285714285714,11235.07142857143,11047.3
2024-03-07,12435,4263205.37,3349,2024,3,1,3,7,10,0,11736.0,10957.0,10720.0,10903.0,11739.714285714286,11305.07142857143,11072.8
2024-03-08,11999,4135440.45,3316,2024,3,1,4,8,10,0,12435.0,11991.0,10864.0,11248.0,11950.857142857143,11427.57142857143,11123.866666666667
2024-03-09,11358,4072407.36,3169,2024,3,1,5,9,10,1,11999.0,12060.0,10983.0,10701.0,11952.0,11508.642857142857,11148.9
2024-03-10,12156,4184590.02,3342,2024,3,1,6,10,10,1,11358.0,11837.0,10741.0,10797.0,11851.714285714286,11535.42857142857,11170.8
2024-03-11,11889,4084574.32,3291,2024,3,1,0,11,11,0,12156.0,11773.0,11022.0,10717.0,11897.285714285714,11636.5,11216.1
2024-03-12,12038,4244927.71,3376,2024,3,1,1,12,11,0,11889.0,11824.0,10905.0,10852.0,11913.857142857143,11698.42857142857,11255.166666666666
2024-03-13,12158,4210991.94,3351,2024,3,1,2,13,11,0,12038.0,11736.0,10858.0,11192.0,11944.42857142857,11779.357142857143,11294.7
2024-03-14,11657,4101066.85,3265,2024,3,1,3,14,11,0,12158.0,12435.0,10957.0,10989.0,12004.714285714286,11872.214285714286,11326.9
2024-03-15,11474,4100445.82,3192,2024,3,1,4,15,11,0,11657.0,11999.0,11991.0,10791.0,11893.57142857143,11922.214285714286,11349.166666666666
2024-03-16,11504,3893930.09,3180,2024,3,1,5,16,11,1,11474.0,11358.0,12060.0,10491.0,11818.57142857143,11885.285714285714,11371.933333333332
2024-03-17,11908,4235103.87,3256,2024,3,1,6,17,11,1,11504.0,12156.0,11837.0,10784.0,11839.42857142857,11845.57142857143,11405.7
2024-03-18,12215,4242001.58,3383,2024,3,1,0,18,12,0,11908.0,11889.0,11773.0,10494.0,11804.0,11850.642857142857,11443.166666666666
2024-03-19,12098,4185139.59,3277,2024,3,1,1,19,12,0,12215.0,12038.0,11824.0,11408.0,11850.57142857143,11882.214285714286,11500.533333333333
2024-03-20,12181,4162688.86,3360,2024,3,1,2,20,12,0,12098.0,12158.0,11736.0,10514.0,11859.142857142857,11901.785714285714,11523.533333333333
2024-03-21,12445,4460228.2,3357,2024,3,1,3,21,12,0,12181.0,11657.0,12435.0,11276.0,11862.42857142857,11933.57142857143,11579.1
2024-03-22,12285,4253269.65,3338,2024,3,1,4,22,12,0,12445.0,11474.0,11999.0,10756.0,11975.0,11934.285714285714,11618.066666666668
2024-03-23,12041,4243032.28,3367,2024,3,1,5,23,12,1,12285.0,11504.0,11358.0,10720.0,12090.857142857143,11954.714285714286,11669.033333333333
2024-03-24,11782,4126433.81,3268,2024,3,1,6,24,12,1,12041.0,11908.0,12156.0,10864.0,12167.57142857143,12003.5,11713.066666666668
2024-03-25,12008,4171915.31,3315,2024,3,1,0,25,13,0,11782.0,12215.0,11889.0,10983.0,12149.57142857143,11976.785714285714,11743.666666666666
2024-03-26,11936,4150108.61,3332,2024,3,1,1,26,13,0,12008.0,12098.0,12038.0,10741.0,12120.0,11985.285714285714,11777.833333333334
2024-03-27,11917,4173729.93,3237,2024,3,1,2,27,13,0,11936.0,12181.0,12158.0,11022.0,12096.857142857143,11978.0,11817.666666666666
2024-03-28,11817,4133852.22,3293,2024,3,1,3,28,13,0,11917.0,12445.0,11657.0,10905.0,12059.142857142857,11960.785714285714,11847.5
2024-03-29,11830,4191460.9,3310,2024,3,1,4,29,13,0,11817.0,12285.0,11474.0,10858.0,11969.42857142857,11972.214285714286,11877.9
2024-03-30,11964,4286319.64,3314,2024,3,1,5,30,13,1,11830.0,12041.0,11504.0,10957.0,11904.42857142857,11997.642857142857,11910.3
2024-03-31,11825,4077929.52,3328,2024,3,1,6,31,13,1,11964.0,11782.0,11908.0,11991.0,11893.42857142857,12030.5,11943.866666666667
2024-04-01,12237,4168417.35,3469,2024,4,2,0,1,14,0,11825.0,12008.0,12215.0,12060.0,11899.57142857143,12024.57142857143,11938.333333333334
2024-04-02,12523,4298021.69,3486,2024,4,2,1,2,14,0,12237.0,11936.0,12098.0,11837.0,11932.285714285714,12026.142857142857,11944.233333333334
2024-04-03,12544,3866770.39,3430,2024,4,2,2,3,14,0,12523.0,11917.0,12181.0,11773.0,12016.142857142857,12056.5,11967.1
2024-04-04,12124,3701879.78,3391,2024,4,2,3,4,14,0,12544.0,11817.0,12445.0,11824.0,12105.714285714286,12082.42857142857,11992.8
2024-04-05,12423,3968310.88,3403,2024,4,2,4,5,14,0,12124.0,11830.0,12285.0,11736.0,12149.57142857143,12059.5,12002.8
2024-04-06,12636,3968176.63,3497,2024,4,2,5,6,14,1,12423.0,11964.0,12041.0,12435.0,12234.285714285714,12069.357142857143,12025.7
2024-04-07,12637,3945306.6,3445,2024,4,2,6,7,14,1,12636.0,11825.0,11782.0,11999.0,12330.285714285714,12111.857142857143,12032.4
2024-04-08,12343,3765642.55,3412,2024,4,2,0,8,15,0,12637.0,12237.0,12008.0,11358.0,12446.285714285714,12172.92857142857,12053.666666666666
2024-04-09,12492,3960545.29,3404,2024,4,2,1,9,15,0,12343.0,12523.0,11936.0,12156.0,12461.42857142857,12196.857142857143,12086.5
2024-04-10,12348,3780244.48,3425,2024,4,2,2,10,15,0,12492.0,12544.0,11917.0,11889.0,12457.0,12236.57142857143,12097.7
2024-04-11,12221,3807970.21,3318,2024,4,2,3,11,15,0,12348.0,12124.0,11817.0,12038.0,12429.0,12267.357142857143,12113.0
2024-04-12,12713,3902588.78,3414,2024,4,2,4,12,15,0,12221.0,12423.0,11830.0,12158.0,12442.857142857143,12296.214285714286,12119.1
2024-04-13,12593,3860409.12,3472,2024,4,2,5,13,15,1,12713.0,12636.0,11964.0,11657.0,12484.285714285714,12359.285714285714,12137.6
2024-04-14,12281,3884888.42,3329,2024,4,2,6,14,15,1,12593.0,12637.0,11825.0,11474.0,12478.142857142857,12404.214285714286,12168.8
2024-04-15,12695,3857996.81,3459,2024,4,2,0,15,16,0,12281.0,12343.0,12237.0,11504.0,12427.285714285714,12436.785714285714,12195.7
2024-04-16,12091,3683368.71,3342,2024,4,2,1,16,16,0,12695.0,12492.0,12523.0,11908.0,12477.57142857143,12469.5,12235.4
2024-04-17,12415,3704893.16,3446,2024,4,2,2,17,16,0,12091.0,12348.0,12544.0,12215.0,12420.285714285714,12438.642857142857,12241.5
2024-04-18,12439,7495025.41,3483,2024,4,2,3,18,16,0,12415.0,12221.0,12124.0,12098.0,12429.857142857143,12429.42857142857,12248.166666666666
2024-04-19,12721,7776145.2299999995,3517,2024,4,2,4,19,16,0,12439.0,12713.0,12423.0,12181.0,12461.0,12451.92857142857,12259.533333333333
2024-04-20,12046,7498872.17,3400,2024,4,2,5,20,16,1,12721.0,12593.0,12636.0,12445.0,12462.142857142857,12473.214285714286,12277.533333333333
2024-04-21,12476,7776266.7,3447,2024,4,2,6,21,16,1,12046.0,12281.0,12637.0,12285.0,12384.0,12431.07142857143,12264.233333333334
2024-04-22,12777,7816941.68,3540,2024,4,2,0,22,17,0,12476.0,12695.0,12343.0,12041.0,12411.857142857143,12419.57142857143,12270.6
2024-04-23,12423,7636472.93,3459,2024,4,2,1,23,17,0,12777.0,12091.0,12492.0,11782.0,12423.57142857143,12450.57142857143,12295.133333333333
2024-04-24,12818,8053466.52,3487,2024,4,2,2,24,17,0,12423.0,12415.0,12348.0,12008.0,12471.0,12445.642857142857,12316.5
2024-04-25,12266,7846234.55,3418,2024,4,2,3,25,17,0,12818.0,12439.0,12221.0,11936.0,12528.57142857143,12479.214285714286,12343.5
2024-04-26,12400,7666940.81,3412,2024,4,2,4,26,17,0,12266.0,12721.0,12713.0,11917.0,12503.857142857143,12482.42857142857,12354.5
2024-04-27,12380,7702259.14,3439,2024,4,2,5,27,17,1,12400.0,12046.0,12593.0,11817.0,12458.0,12460.07142857143,12370.6
2024-04-28,12295,7862480.72,3378,2024,4,2,6,28,17,1,12380.0,12476.0,12281.0,11830.0,12505.714285714286,12444.857142857143,12389.366666666667
2024-04-29,12681,7872876.22,3444,2024,4,2,0,29,18,0,12295.0,12777.0,12695.0,11964.0,12479.857142857143,12445.857142857143,12404.866666666667
2024-04-30,12393,7498289.87,3349,2024,4,2,1,30,18,0,12681.0,12423.0,12091.0,11825.0,12466.142857142857,12444.857142857143,12428.766666666666
2024-05-01,12461,7912551.05,3446,2024,5,2,2,1,18,0,12393.0,12818.0,12415.0,12237.0,12461.857142857143,12466.42857142857,12447.7
2024-05-02,12894,7895623.04,3528,2024,5,2,3,2,18,0,12461.0,12266.0,12439.0,12523.0,12410.857142857143,12469.714285714286,12455.166666666666
2024-05-03,12355,7635114.1,3349,2024,5,2,4,3,18,0,12894.0,12400.0,12721.0,12544.0,12500.57142857143,12502.214285714286,12467.533333333333
2024-05-04,12339,7905040.45,3421,2024,5,2,5,4,18,1,12355.0,12380.0,12046.0,12124.0,12494.142857142857,12476.07142857143,12461.233333333334
2024-05-05,12817,8023720.4,3487,2024,5,2,6,5,18,1,12339.0,12295.0,12476.0,12423.0,12488.285714285714,12497.0,12468.4
2024-05-06,12371,7469562.52,3384,2024,5,2,0,6,19,0,12817.0,12681.0,12777.0,12636.0,12562.857142857143,12521.357142857143,12481.533333333333
2024-05-07,12436,7382412.06,3409,2024,5,2,1,7,19,0,12371.0,12393.0,12423.0,12637.0,12518.57142857143,12492.357142857143,12472.7
2024-05-08,12309,7471740.14,3410,2024,5,2,2,8,19,0,12436.0,12461.0,12818.0,12343.0,12524.714285714286,12493.285714285714,12466.0
2024-05-09,12552,7535774.43,3493,2024,5,2,3,9,19,0,12309.0,12894.0,12266.0,12492.0,12503.0,12456.92857142857,12464.866666666667
2024-05-10,12588,5406465.09,3474,2024,5,2,4,10,19,0,12552.0,12355.0,12400.0,12348.0,12454.142857142857,12477.357142857143,12466.866666666667
2024-05-11,12433,5409141.6,3432,2024,5,2,5,11,19,1,12588.0,12339.0,12380.0,12221.0,12487.42857142857,12490.785714285714,12474.866666666667
2024-05-12,12704,5512040.95,3532,2024,5,2,6,12,19,1,12433.0,12817.0,12295.0,12713.0,12500.857142857143,12494.57142857143,12481.933333333332
2024-05-13,12616,5446630.61,3544,2024,5,2,0,13,20,0,12704.0,12371.0,12681.0,12593.0,12484.714285714286,12523.785714285714,12481.633333333333
2024-05-14,12809,5523798.8,3494,2024,5,2,1,14,20,0,12616.0,12436.0,12393.0,12281.0,12519.714285714286,12519.142857142857,12482.4
2024-05-15,12495,5353405.51,3441,2024,5,2,2,15,20,0,12809.0,12309.0,12461.0,12695.0,12573.0,12548.857142857143,12500.0
2024-05-16,12575,5478696.04,3453,2024,5,2,3,16,20,0,12495.0,12552.0,12894.0,12091.0,12599.57142857143,12551.285714285714,12493.333333333334
2024-05-17,12829,5549478.52,3523,2024,5,2,4,17,20,0,12575.0,12588.0,12355.0,12415.0,12602.857142857143,12528.5,12509.466666666667
2024-05-18,12504,5439068.02,3456,2024,5,2,5,18,20,1,12829.0,12433.0,12339.0,12439.0,12637.285714285714,12562.357142857143,12523.266666666666
2024-05-19,12759,5417768.16,3449,2024,5,2,6,19,20,1,12504.0,12704.0,12817.0,12721.0,12647.42857142857,12574.142857142857,12525.433333333332
2024-05-20,12315,7443436.57,3393,2024,5,2,0,20,21,0,12759.0,12616.0,12371.0,12046.0,12655.285714285714,12570.0,12526.7
2024-05-21,12710,7537982.49,3470,2024,5,2,1,21,21,0,12315.0,12809.0,12436.0,12476.0,12612.285714285714,12566.0,12535.666666666666
2024-05-22,13035,7933476.03,3510,2024,5,2,2,22,21,0,12710.0,12495.0,12309.0,12777.0,12598.142857142857,12585.57142857143,12543.466666666667
2024-05-23,12685,7614180.91,3514,2024,5,2,3,23,21,0,13035.0,12575.0,12552.0,12423.0,12675.285714285714,12637.42857142857,12552.066666666668
2024-05-24,12573,7507893.87,3526,2024,5,2,4,24,21,0,12685.0,12829.0,12588.0,12818.0,12691.0,12646.92857142857,12560.8
2024-05-25,12824,7664715.39,3487,2024,5,2,5,25,21,1,12573.0,12504.0,12433.0,12266.0,12654.42857142857,12645.857142857143,12552.633333333333
2024-05-26,12919,7804867.81,3496,2024,5,2,6,26,21,1,12824.0,12759.0,12704.0,12400.0,12700.142857142857,12673.785714285714,12571.233333333334
2024-05-27,12830,7798369.65,3527,2024,5,2,0,27,22,0,12919.0,12315.0,12616.0,12380.0,12723.0,12689.142857142857,12588.533333333333
2024-05-28,12525,7317441.58,3503,2024,5,2,1,28,22,0,12830.0,12710.0,12809.0,12295.0,12796.57142857143,12704.42857142857,12603.533333333333
2024-05-29,12845,7863883.7299999995,3512,2024,5,2,2,29,22,0,12525.0,13035.0,12495.0,12681.0,12770.142857142857,12684.142857142857,12611.2
2024-05-30,12608,7698476.37,3462,2024,5,2,3,30,22,0,12845.0,12685.0,12575.0,12393.0,12743.0,12709.142857142857,12616.666666666666
2024-05-31,12109,7405373.52,3425,2024,5,2,4,31,22,0,12608.0,12573.0,12829.0,12461.0,12732.0,12711.5,12623.833333333334
2024-06-01,12965,7827796.28,3651,2024,6,2,5,1,22,1,12109.0,12824.0,12504.0,12894.0,12665.714285714286,12660.07142857143,12612.1
2024-06-02,13297,8143670.26,3682,2024,6,2,6,2,22,1,12965.0,12919.0,12759.0,12355.0,12685.857142857143,12693.0,12614.466666666667
2024-06-03,13861,8570054.11,3750,2024,6,2,0,3,23,0,13297.0,12830.0,12315.0,12339.0,12739.857142857143,12731.42857142857,12645.866666666667
2024-06-04,13176,8037241.23,3648,2024,6,2,1,4,23,0,13861.0,12525.0,12710.0,12817.0,12887.142857142857,12841.857142857143,12696.6
2024-06-05,12760,7854909.63,3512,2024,6,2,2,5,23,0,13176.0,12845.0,13035.0,12371.0,12980.142857142857,12875.142857142857,12708.566666666668
2024-06-06,13106,8017438.17,3593,2024,6,2,3,6,23,0,12760.0,12608.0,12685.0,12436.0,12968.0,12855.5,12721.533333333333
2024-06-07,13292,8016777.62,3643,2024,6,2,4,7,23,0,13106.0,12109.0,12573.0,12309.0,13039.142857142857,12885.57142857143,12743.866666666667
2024-06-08,13297,8254050.15,3623,2024,6,2,5,8,23,1,13292.0,12965.0,12824.0,12552.0,13208.142857142857,12936.92857142857,12776.633333333333
2024-06-09,12920,7844258.58,3585,2024,6,2,6,9,23,1,13297.0,13297.0,12919.0,12588.0,13255.57142857143,12970.714285714286,12801.466666666667
2024-06-10,13443,8322607.11,3695,2024,6,2,0,10,24,0,12920.0,13861.0,12830.0,12433.0,13201.714285714286,12970.785714285714,12812.533333333333
2024-06-11,13336,8284010.78,3691,2024,6,2,1,11,24,0,13443.0,13176.0,12525.0,12704.0,13142.0,13014.57142857143,12846.2
2024-06-12,13447,8259502.58,3609,2024,6,2,2,12,24,0,13336.0,12760.0,12845.0,12616.0,13164.857142857143,13072.5,12867.266666666666
2024-06-13,13254,6961476.76,3643,2024,6,2,3,13,24,0,13447.0,13106.0,12608.0,12809.0,13263.0,13115.5,12894.966666666667
2024-06-14,13344,6980567.29,3675,2024,6,2,4,14,24,0,13254.0,13292.0,12109.0,12495.0,13284.142857142857,13161.642857142857,12909.8
2024-06-15,13154,6986302.32,3622,2024,6,2,5,15,24,1,13344.0,13297.0,12965.0,12575.0,13291.57142857143,13249.857142857143,12938.1
2024-06-16,12850,7045873.1,3571,2024,6,2,6,16,24,1,13154.0,12920.0,13297.0,12829.0,13271.142857142857,13263.357142857143,12957.4
2024-06-17,13190,6935463.71,3695,2024,6,2,0,17,25,0,12850.0,13443.0,13861.0,12504.0,13261.142857142857,13231.42857142857,12958.1
2024-06-18,13045,6782313.85,3596,2024,6,2,1,18,25,0,13190.0,13336.0,13176.0,12759.0,13225.0,13183.5,12980.966666666667
2024-06-19,12912,6962253.99,3610,2024,6,2,2,19,25,0,13045.0,13447.0,12760.0,12315.0,13183.42857142857,13174.142857142857,12990.5
2024-06-20,13144,7134085.2,3630,2024,6,2,3,20,25,0,12912.0,13254.0,13106.0,12710.0,13107.0,13185.0,13010.4
2024-06-21,13226,6269032.74,3631,2024,6,2,4,21,25,0,13144.0,13344.0,13292.0,13035.0,13091.285714285714,13187.714285714286,13024.866666666667
2024-06-22,12651,6015067.76,3584,2024,6,2,5,22,25,1,13226.0,13154.0,13297.0,12685.0,13074.42857142857,13183.0,13031.233333333334
2024-06-23,13176,6233398.32,3609,2024,6,2,6,23,25,1,12651.0,12850.0,12920.0,12573.0,13002.57142857143,13136.857142857143,13030.1
2024-06-24,13117,6202454.61,3641,2024,6,2,0,24,26,0,13176.0,13190.0,13443.0,12824.0,13049.142857142857,13155.142857142857,13050.2
2024-06-25,12720,6082204.51,3570,2024,6,2,1,25,26,0,13117.0,13045.0,13336.0,12919.0,13038.714285714286,13131.857142857143,13059.966666666667
2024-06-26,13186,6215296.55,3669,2024,6,2,2,26,26,0,12720.0,12912.0,13447.0,12830.0,12992.285714285714,13087.857142857143,13053.333333333334
2024-06-27,13124,6353870.0,3713,2024,6,2,3,27,26,0,13186.0,13144.0,13254.0,12525.0,13031.42857142857,13069.214285714286,13065.2
2024-06-28,13350,6693789.88,3670,2024,6,2,4,28,26,0,13124.0,13226.0,13344.0,12845.0,13028.57142857143,13059.92857142857,13085.166666666666
2024-06-29,12544,6051986.2,3535,2024,6,2,5,29,26,1,13350.0,12651.0,13154.0,12608.0,13046.285714285714,13060.357142857143,13102.0
2024-06-30,13264,6412539.36,3613,2024,6,2,6,30,26,1,12544.0,13176.0,12850.0,12109.0,13031.0,13016.785714285714,13099.866666666667
2024-07-01,11874,5724926.13,3242,2024,7,3,0,1,27,0,13264.0,13117.0,13190.0,12965.0,13043.57142857143,13046.357142857143,13138.366666666667
2024-07-02,12441,5959643.7,3421,2024,7,3,1,2,27,0,11874.0,12720.0,13045.0,13297.0,12866.0,12952.357142857143,13102.0
2024-07-03,12344,5972821.16,3368,2024,7,3,2,3,27,0,12441.0,13186.0,12912.0,13861.0,12826.142857142857,12909.214285714286,13073.466666666667
2024-07-04,11948,5765400.87,3310,2024,7,3,3,4,27,0,12344.0,13124.0,13144.0,13176.0,12705.857142857143,12868.642857142857,13022.9
2024-07-05,11494,5469394.55,3203,2024,7,3,4,5,27,0,11948.0,13350.0,13226.0,12760.0,12537.857142857143,12783.214285714286,12981.966666666667
2024-07-06,11848,5748347.03,3238,2024,7,3,5,6,27,1,11494.0,12544.0,12651.0,13106.0,12272.714285714286,12659.5,12939.766666666666
2024-07-07,12161,5939648.31,3359,2024,7,3,6,7,27,1,11848.0,13264.0,13176.0,13292.0,12173.285714285714,12602.142857142857,12897.833333333334
2024-07-08,12210,5693559.68,3337,2024,7,3,0,8,28,0,12161.0,11874.0,13117.0,13297.0,12015.714285714286,12529.642857142857,12860.133333333333
2024-07-09,12410,5791416.63,3421,2024,7,3,1,9,28,0,12210.0,12441.0,12720.0,12920.0,12063.714285714286,12464.857142857143,12823.9
2024-07-10,12185,5857038.86,3387,2024,7,3,2,10,28,0,12410.0,12344.0,13186.0,13443.0,12059.285714285714,12442.714285714286,12806.9
2024-07-11,11619,5492348.45,3221,2024,7,3,3,11,28,0,12185.0,11948.0,13124.0,13336.0,12036.57142857143,12371.214285714286,12764.966666666667
2024-07-12,11974,5776416.74,3297,2024,7,3,4,12,28,0,11619.0,11494.0,13350.0,13447.0,11989.57142857143,12263.714285714286,12707.733333333334
2024-07-13,12154,5899933.0,3373,2024,7,3,5,13,28,1,11974.0,11848.0,12544.0,13254.0,12058.142857142857,12165.42857142857,12658.633333333333
2024-07-14,12215,5686085.84,3351,2024,7,3,6,14,28,1,12154.0,12161.0,13264.0,13344.0,12101.857142857143,12137.57142857143,12621.966666666667
2024-07-15,11792,5735751.47,3280,2024,7,3,0,15,29,0,12215.0,12210.0,11874.0,13154.0,12109.57142857143,12062.642857142857,12584.333333333334
2024-07-16,12107,5788126.6,3298,2024,7,3,1,16,29,0,11792.0,12410.0,12441.0,12850.0,12049.857142857143,12056.785714285714,12538.933333333332
2024-07-17,12036,5794810.76,3314,2024,7,3,2,17,29,0,12107.0,12185.0,12344.0,13190.0,12006.57142857143,12032.92857142857,12514.166666666666
2024-07-18,11999,5874739.1,3280,2024,7,3,3,18,29,0,12036.0,11619.0,11948.0,13045.0,11985.285714285714,12010.92857142857,12475.7
2024-07-19,12024,5657504.29,3377,2024,7,3,4,19,29,0,11999.0,11974.0,11494.0,12912.0,12039.57142857143,12014.57142857143,12440.833333333334
2024-07-20,12260,5856694.56,3338,2024,7,3,5,20,29,1,12024.0,12154.0,11848.0,13144.0,12046.714285714286,12052.42857142857,12411.233333333334
2024-07-21,12420,7849929.07,3341,2024,7,3,6,21,29,1,12260.0,12215.0,12161.0,13226.0,12061.857142857143,12081.857142857143,12381.766666666666
2024-07-22,12020,7535799.55,3287,2024,7,3,0,22,30,0,12420.0,11792.0,12210.0,12651.0,12091.142857142857,12100.357142857143,12354.9
2024-07-23,11937,7354989.36,3259,2024,7,3,1,23,30,0,12020.0,12107.0,12410.0,13176.0,12123.714285714286,12086.785714285714,12333.866666666667
2024-07-24,12065,7378995.22,3349,2024,7,3,2,24,30,0,11937.0,12036.0,12185.0,13117.0,12099.42857142857,12053.0,12292.566666666668
2024-07-25,12244,7452592.94,3328,2024,7,3,3,25,30,0,12065.0,11999.0,11619.0,12720.0,12103.57142857143,12044.42857142857,12257.5
2024-07-26,11923,7354681.27,3283,2024,7,3,4,26,30,0,12244.0,12024.0,11974.0,13186.0,12138.57142857143,12089.07142857143,12241.633333333333
2024-07-27,11761,7449107.4799999995,3260,2024,7,3,5,27,30,1,11923.0,12260.0,12154.0,13124.0,12124.142857142857,12085.42857142857,12199.533333333333
2024-07-28,11724,7170447.8,3254,2024,7,3,6,28,30,1,11761.0,12420.0,12215.0,13350.0,12052.857142857143,12057.357142857143,12154.1
2024-07-29,12107,7486122.51,3370,2024,7,3,0,29,31,0,11724.0,12020.0,11792.0,12544.0,11953.42857142857,12022.285714285714,12099.9
2024-07-30,12177,7321266.43,3376,2024,7,3,1,30,31,0,12107.0,11937.0,12107.0,13264.0,11965.857142857143,12044.785714285714,12085.333333333334
2024-07-31,11732,7528031.98,3318,2024,7,3,2,31,31,0,12177.0,12065.0,12036.0,11874.0,12000.142857142857,12049.785714285714,12049.1
2024-08-01,13683,8513431.24,3760,2024,8,3,3,1,31,0,11732.0,12244.0,11999.0,12441.0,11952.57142857143,12028.07142857143,12044.366666666667
2024-08-02,13785,8457124.05,3797,2024,8,3,4,2,31,0,13683.0,11923.0,12024.0,12344.0,12158.142857142857,12148.357142857143,12085.766666666666
2024-08-03,13131,8063611.6,3590,2024,8,3,5,3,31,1,13785.0,11761.0,12260.0,11948.0,12424.142857142857,12274.142857142857,12133.8
2024-08-04,13312,8163212.27,3673,2024,8,3,6,4,31,1,13131.0,11724.0,12420.0,11494.0,12619.857142857143,12336.357142857143,12173.233333333334
2024-08-05,13571,8402788.21,3663,2024,8,3,0,5,32,0,13312.0,12107.0,12020.0,11848.0,12846.714285714286,12400.07142857143,12233.833333333334
2024-08-06,13103,8184551.97,3658,2024,8,3,1,6,32,0,13571.0,12177.0,11937.0,12161.0,13055.857142857143,12510.857142857143,12291.266666666666
2024-08-07,13182,8184226.83,3663,2024,8,3,2,7,32,0,13103.0,11732.0,12065.0,12210.0,13188.142857142857,12594.142857142857,12322.666666666666
2024-08-08,12825,7997619.76,3512,2024,8,3,3,8,32,0,13182.0,13683.0,12244.0,12410.0,13395.285714285714,12673.92857142857,12355.066666666668
2024-08-09,13003,7967329.86,3653,2024,8,3,4,9,32,0,12825.0,13785.0,11923.0,12185.0,13272.714285714286,12715.42857142857,12368.9
2024-08-10,13427,8164691.39,3715,2024,8,3,5,10,32,1,13003.0,13131.0,11761.0,11619.0,13161.0,12792.57142857143,12396.166666666666
2024-08-11,13159,8050757.3,3620,2024,8,3,6,11,32,1,13427.0,13312.0,11724.0,11974.0,13203.285714285714,12911.57142857143,12456.433333333332
2024-08-12,13238,8473875.33,3639,2024,8,3,0,12,33,0,13159.0,13571.0,12107.0,12154.0,13181.42857142857,13014.07142857143,12495.933333333332
2024-08-13,13316,8386823.18,3589,2024,8,3,1,13,33,0,13238.0,13103.0,12177.0,12215.0,13133.857142857143,13094.857142857143,12532.066666666668
2024-08-14,13498,8325933.92,3653,2024,8,3,2,14,33,0,13316.0,13182.0,11732.0,11792.0,13164.285714285714,13176.214285714286,12568.766666666666
2024-08-15,13136,8089723.56,3639,2024,8,3,3,15,33,0,13498.0,12825.0,13683.0,12107.0,13209.42857142857,13302.357142857143,12625.633333333333
2024-08-16,12992,8018557.28,3624,2024,8,3,4,16,33,0,13136.0,13003.0,13785.0,12036.0,13253.857142857143,13263.285714285714,12659.933333333332
2024-08-17,13203,8365237.41,3660,2024,8,3,5,17,33,1,12992.0,13427.0,13131.0,11999.0,13252.285714285714,13206.642857142857,12691.8
2024-08-18,13121,8034185.2,3618,2024,8,3,6,18,33,1,13203.0,13159.0,13312.0,12024.0,13220.285714285714,13211.785714285714,12731.933333333332
2024-08-19,12845,7895659.57,3611,2024,8,3,0,19,34,0,13121.0,13238.0,13571.0,12260.0,13214.857142857143,13198.142857142857,12768.5
2024-08-20,13592,8164825.31,3720,2024,8,3,1,20,34,0,12845.0,13316.0,13103.0,12420.0,13158.714285714286,13146.285714285714,12788.0
2024-08-21,13008,8390239.05,3662,2024,8,3,2,21,34,0,13592.0,13498.0,13182.0,12020.0,13198.142857142857,13181.214285714286,12827.066666666668
2024-08-22,12748,7895257.78,3610,2024,8,3,3,22,34,0,13008.0,13136.0,12825.0,11937.0,13128.142857142857,13168.785714285714,12860.0
2024-08-23,14100,8787124.49,3869,2024,8,3,4,23,34,0,12748.0,12992.0,13003.0,12065.0,13072.714285714286,13163.285714285714,12887.033333333333
2024-08-24,12816,7945394.2,3575,2024,8,3,5,24,34,1,14100.0,13203.0,13427.0,12244.0,13231.0,13241.642857142857,12954.866666666667
2024-08-25,12819,8006174.84,3625,2024,8,3,6,25,34,1,12816.0,13121.0,13159.0,11923.0,13175.714285714286,13198.0,12973.933333333332
2024-08-26,13330,8238825.49,3638,2024,8,3,0,26,35,0,12819.0,12845.0,13238.0,11761.0,13132.57142857143,13173.714285714286,13003.8
2024-08-27,13349,8340929.4,3668,2024,8,3,1,27,35,0,13330.0,13592.0,13316.0,11724.0,13201.857142857143,13180.285714285714,13056.1
2024-08-28,13257,8129862.65,3642,2024,8,3,2,28,35,0,13349.0,13008.0,13498.0,12107.0,13167.142857142857,13182.642857142857,13110.266666666666
2024-08-29,13597,8376995.05,3664,2024,8,3,3,29,35,0,13257.0,12748.0,13136.0,12177.0,13202.714285714286,13165.42857142857,13148.6
2024-08-30,13730,8576825.25,3786,2024,8,3,4,30,35,0,13597.0,14100.0,12992.0,11732.0,13324.0,13198.357142857143,13195.933333333332
2024-08-31,13263,8528786.71,3676,2024,8,3,5,31,35,1,13730.0,12816.0,13203.0,13683.0,13271.142857142857,13251.07142857143,13262.533333333333
2024-09-01,14349,9002529.32,3913,2024,9,3,6,1,35,1,13263.0,12819.0,13121.0,13785.0,13335.0,13255.357142857143,13248.533333333333
2024-09-02,13588,8433191.87,3661,2024,9,3,0,2,36,0,14349.0,13330.0,12845.0,13131.0,13553.57142857143,13343.07142857143,13267.333333333334
2024-09-03,13915,8672598.41,3820,2024,9,3,1,3,36,0,13588.0,13349.0,13592.0,13312.0,13590.42857142857,13396.142857142857,13282.566666666668
2024-09-04,14066,8915286.04,3868,2024,9,3,2,4,36,0,13915.0,13257.0,13008.0,13571.0,13671.285714285714,13419.214285714286,13302.666666666666
2024-09-05,13635,8461566.53,3812,2024,9,3,3,5,36,0,14066.0,13597.0,12748.0,13103.0,13786.857142857143,13494.785714285714,13319.166666666666
2024-09-06,13647,8271465.59,3701,2024,9,3,4,6,36,0,13635.0,13730.0,14100.0,13182.0,13792.285714285714,13558.142857142857,13336.9
2024-09-07,13371,8081724.52,3724,2024,9,3,5,7,36,1,13647.0,13263.0,12816.0,12825.0,13780.42857142857,13525.785714285714,13352.4
2024-09-08,14321,8830289.89,3860,2024,9,3,6,8,36,1,13371.0,14349.0,12819.0,13003.0,13795.857142857143,13565.42857142857,13370.6
2024-09-09,13903,8563224.05,3836,2024,9,3,0,9,37,0,14321.0,13588.0,13330.0,13427.0,13791.857142857143,13672.714285714286,13414.533333333333
2024-09-10,13545,8354133.94,3765,2024,9,3,1,10,37,0,13903.0,13915.0,13349.0,13159.0,13836.857142857143,13713.642857142857,13430.4
2024-09-11,14283,9109433.67,3863,2024,9,3,2,11,37,0,13545.0,14066.0,13257.0,13238.0,13784.0,13727.642857142857,13443.266666666666
2024-09-12,13615,8446840.01,3737,2024,9,3,3,12,37,0,14283.0,13635.0,13597.0,13316.0,13815.0,13800.92857142857,13478.1
2024-09-13,13368,8223329.39,3809,2024,9,3,4,13,37,0,13615.0,13647.0,13730.0,13498.0,13812.142857142857,13802.214285714286,13488.066666666668
2024-09-14,13658,8444109.13,3777,2024,9,3,5,14,37,1,13368.0,13371.0,13263.0,13136.0,13772.285714285714,13776.357142857143,13483.733333333334
2024-09-15,13784,8580678.12,3856,2024,9,3,6,15,37,1,13658.0,14321.0,14349.0,12992.0,13813.285714285714,13804.57142857143,13501.133333333333
2024-09-16,13465,8365488.39,3774,2024,9,3,0,16,38,0,13784.0,13903.0,13588.0,13203.0,13736.57142857143,13764.214285714286,13527.533333333333
2024-09-17,13908,8476388.95,3844,2024,9,3,1,17,38,0,13465.0,13545.0,13915.0,13121.0,13674.0,13755.42857142857,13536.266666666666
2024-09-18,13827,8578858.16,3754,2024,9,3,2,18,38,0,13908.0,14283.0,14066.0,12845.0,13725.857142857143,13754.92857142857,13562.5
2024-09-19,13805,8431289.92,3800,2024,9,3,3,19,38,0,13827.0,13615.0,13635.0,13592.0,13660.714285714286,13737.857142857143,13595.233333333334
2024-09-20,13697,8515306.58,3806,2024,9,3,4,20,38,0,13805.0,13368.0,13647.0,13008.0,13687.857142857143,13750.0,13602.333333333334
2024-09-21,13345,8178904.06,3682,2024,9,3,5,21,38,1,13697.0,13658.0,13371.0,12748.0,13734.857142857143,13753.57142857143,13625.3
2024-09-22,13891,8614863.15,3836,2024,9,3,6,22,38,1,13345.0,13784.0,14321.0,14100.0,13690.142857142857,13751.714285714286,13645.2
2024-09-23,13630,6240678.89,3753,2024,9,3,0,23,39,0,13891.0,13465.0,13903.0,12816.0,13705.42857142857,13721.0,13638.233333333334
2024-09-24,13959,6373402.13,3839,2024,9,3,1,24,39,0,13630.0,13908.0,13545.0,12819.0,13729.0,13701.5,13665.366666666667
2024-09-25,13379,6031513.25,3730,2024,9,3,2,25,39,0,13959.0,13827.0,14283.0,13330.0,13736.285714285714,13731.07142857143,13703.366666666667
2024-09-26,13868,6224546.18,3762,2024,9,3,3,26,39,0,13379.0,13805.0,13615.0,13349.0,13672.285714285714,13666.5,13705.0
2024-09-27,13680,6144076.08,3825,2024,9,3,4,27,39,0,13868.0,13697.0,13368.0,13257.0,13681.285714285714,13684.57142857143,13722.3
2024-09-28,13935,6389859.54,3804,2024,9,3,5,28,39,1,13680.0,13345.0,13658.0,13597.0,13678.857142857143,13706.857142857143,13736.4
2024-09-29,13972,6495788.98,3831,2024,9,3,6,29,39,1,13935.0,13891.0,13784.0,13730.0,13763.142857142857,13726.642857142857,13747.666666666666
2024-09-30,13463,6096447.07,3773,2024,9,3,0,30,40,0,13972.0,13630.0,13465.0,13263.0,13774.714285714286,13740.07142857143,13755.733333333334
2024-10-01,13298,6087384.83,3642,2024,10,4,1,1,40,0,13463.0,13959.0,13908.0,14349.0,13750.857142857143,13739.92857142857,13762.4
2024-10-02,13604,6164938.07,3682,2024,10,4,2,2,40,0,13298.0,13379.0,13827.0,13588.0,13656.42857142857,13696.357142857143,13727.366666666667
2024-10-03,13561,6248261.09,3750,2024,10,4,3,3,40,0,13604.0,13868.0,13805.0,13915.0,13688.57142857143,13680.42857142857,13727.9
2024-10-04,13213,5874533.12,3682,2024,10,4,4,4,40,0,13561.0,13680.0,13697.0,14066.0,13644.714285714286,13663.0,13716.1
2024-10-05,13228,5975905.38,3679,2024,10,4,5,5,40,1,13213.0,13935.0,13345.0,13635.0,13578.0,13628.42857142857,13687.666666666666
2024-10-06,13278,6096457.61,3688,2024,10,4,6,6,40,1,13228.0,13972.0,13891.0,13647.0,13477.0,13620.07142857143,13674.1
2024-10-07,13062,5991024.22,3554,2024,10,4,0,7,41,0,13278.0,13463.0,13630.0,13371.0,13377.857142857143,13576.285714285714,13661.8
2024-10-08,13629,6194896.66,3704,2024,10,4,1,8,41,0,13062.0,13298.0,13959.0,14321.0,13320.57142857143,13535.714285714286,13651.5
2024-10-09,13219,8189012.14,3600,2024,10,4,2,9,41,0,13629.0,13604.0,13379.0,13903.0,13367.857142857143,13512.142857142857,13628.433333333332
2024-10-10,13521,8372389.59,3718,2024,10,4,3,10,41,0,13219.0,13561.0,13868.0,13545.0,13312.857142857143,13500.714285714286,13605.633333333333
2024-10-11,13509,8306605.55,3675,2024,10,4,4,11,41,0,13521.0,13213.0,13680.0,14283.0,13307.142857142857,13475.92857142857,13604.833333333334
2024-10-12,12864,7727370.1,3599,2024,10,4,5,12,41,1,13509.0,13228.0,13935.0,13615.0,13349.42857142857,13463.714285714286,13579.033333333333
2024-10-13,13844,8509136.3,3744,2024,10,4,6,13,41,1,12864.0,13278.0,13972.0,13368.0,13297.42857142857,13387.214285714286,13554.0
2024-10-14,12955,7954984.86,3611,2024,10,4,0,14,42,0,13844.0,13062.0,13463.0,13658.0,13378.285714285714,13378.07142857143,13569.866666666667
2024-10-15,13074,8155686.29,3612,2024,10,4,1,15,42,0,12955.0,13629.0,13298.0,13784.0,13363.0,13341.785714285714,13546.433333333332
2024-10-16,13551,8471246.37,3698,2024,10,4,2,16,42,0,13074.0,13219.0,13604.0,13465.0,13283.714285714286,13325.785714285714,13522.766666666666
2024-10-17,13420,8457405.54,3670,2024,10,4,3,17,42,0,13551.0,13521.0,13561.0,13908.0,13331.142857142857,13322.0,13525.633333333333
2024-10-18,13190,8229923.13,3658,2024,10,4,4,18,42,0,13420.0,13509.0,13213.0,13827.0,13316.714285714286,13311.92857142857,13509.366666666667
2024-10-19,13004,8281676.56,3643,2024,10,4,5,19,42,1,13190.0,12864.0,13228.0,13805.0,13271.142857142857,13310.285714285714,13488.133333333333
2024-10-20,13293,8156985.17,3697,2024,10,4,6,20,42,1,13004.0,13844.0,13278.0,13697.0,13291.142857142857,13294.285714285714,13461.433333333332
2024-10-21,13255,8260295.89,3700,2024,10,4,0,21,43,0,13293.0,12955.0,13062.0,13345.0,13212.42857142857,13295.357142857143,13447.966666666667
2024-10-22,13369,8162933.86,3606,2024,10,4,1,22,43,0,13255.0,13074.0,13629.0,13891.0,13255.285714285714,13309.142857142857,13444.966666666667
2024-10-23,13085,8109178.37,3580,2024,10,4,2,23,43,0,13369.0,13551.0,13219.0,13630.0,13297.42857142857,13290.57142857143,13427.566666666668
2024-10-24,13345,8290957.81,3715,2024,10,4,3,24,43,0,13085.0,13420.0,13521.0,13959.0,13230.857142857143,13281.0,13409.4
2024-10-25,12973,8041693.54,3630,2024,10,4,4,25,43,0,13345.0,13190.0,13509.0,13379.0,13220.142857142857,13268.42857142857,13388.933333333332
2024-10-26,13464,8195640.39,3644,2024,10,4,5,26,43,1,12973.0,13004.0,12864.0,13868.0,13189.142857142857,13230.142857142857,13375.4
2024-10-27,12984,8030664.12,3575,2024,10,4,6,27,43,1,13464.0,13293.0,13844.0,13680.0,13254.857142857143,13273.0,13361.933333333332
2024-10-28,13782,8561591.88,3746,2024,10,4,0,28,44,0,12984.0,13255.0,12955.0,13935.0,13210.714285714286,13211.57142857143,13338.733333333334
2024-10-29,13208,8228600.06,3725,2024,10,4,1,29,44,0,13782.0,13369.0,13074.0,13972.0,13286.0,13270.642857142857,13333.633333333333
2024-10-30,13078,7967475.66,3625,2024,10,4,2,30,44,0,13208.0,13085.0,13551.0,13463.0,13263.0,13280.214285714286,13308.166666666666
2024-10-31,12949,8036725.2,3588,2024,10,4,3,31,44,0,13078.0,13345.0,13420.0,13298.0,13262.0,13246.42857142857,13295.333333333334
2024-11-01,16083,9623004.22,4441,2024,11,4,4,1,44,0,12949.0,12973.0,13190.0,13604.0,13205.42857142857,13212.785714285714,13283.7
2024-11-02,16448,10206887.22,4515,2024,11,4,5,2,44,1,16083.0,13464.0,13004.0,13561.0,13649.714285714286,13419.42857142857,13366.333333333334
2024-11-03,16378,10043910.72,4503,2024,11,4,6,3,44,1,16448.0,12984.0,13293.0,13213.0,14076.0,13665.42857142857,13462.566666666668
2024-11-04,16463,10134580.78,4507,2024,11,4,0,4,45,0,16378.0,13782.0,13255.0,13228.0,14560.857142857143,13885.785714285714,13568.066666666668
2024-11-05,16779,10468464.96,4522,2024,11,4,1,5,45,0,16463.0,13208.0,13369.0,13278.0,14943.857142857143,14114.92857142857,13675.9
2024-11-06,16783,10749283.25,4606,2024,11,4,2,6,45,0,16779.0,13078.0,13085.0,13062.0,15454.0,14358.5,13792.6
2024-11-07,16302,10107334.18,4515,2024,11,4,3,7,45,0,16783.0,12949.0,13345.0,13629.0,15983.285714285714,14622.642857142857,13916.633333333333
2024-11-08,16606,10285101.99,4573,2024,11,4,4,8,45,0,16302.0,16083.0,12973.0,13219.0,16462.285714285714,14833.857142857143,14005.733333333334
2024-11-09,16381,10366410.8,4446,2024,11,4,5,9,45,1,16606.0,16448.0,13464.0,13521.0,16537.0,15093.357142857143,14118.633333333333
2024-11-10,15750,9834284.13,4382,2024,11,4,6,10,45,1,16381.0,16378.0,12984.0,13509.0,16527.428571428572,15301.714285714286,14213.966666666667
2024-11-11,16442,10080105.21,4543,2024,11,4,0,11,46,0,15750.0,16463.0,13782.0,12864.0,16437.714285714286,15499.285714285714,14288.666666666666
2024-11-12,15973,9815647.19,4417,2024,11,4,1,12,46,0,16442.0,16779.0,13208.0,13844.0,16434.714285714286,15689.285714285714,14407.933333333332
2024-11-13,16319,10046300.41,4513,2024,11,4,2,13,46,0,15973.0,16783.0,13078.0,12955.0,16319.57142857143,15886.785714285714,14478.9
2024-11-14,16623,10048291.09,4540,2024,11,4,3,14,46,0,16319.0,16302.0,12949.0,13074.0,16253.285714285714,16118.285714285714,14591.033333333333
2024-11-15,16469,10083284.42,4580,2024,11,4,4,15,46,0,16623.0,16606.0,16083.0,13551.0,16299.142857142857,16380.714285714286,14709.333333333334
2024-11-16,16597,10430540.64,4574,2024,11,4,5,16,46,1,16469.0,16381.0,16448.0,13420.0,16279.57142857143,16408.285714285714,14806.6
2024-11-17,16655,10562535.75,4462,2024,11,4,6,17,46,1,16597.0,15750.0,16378.0,13190.0,16310.42857142857,16418.928571428572,14912.5
2024-11-18,16297,10161619.55,4453,2024,11,4,0,18,47,0,16655.0,16442.0,16463.0,13004.0,16439.714285714286,16438.714285714286,15028.0
2024-11-19,16529,10174112.17,4570,2024,11,4,1,19,47,0,16297.0,15973.0,16779.0,13293.0,16419.0,16426.85714285714,15137.766666666666
2024-11-20,16022,9879347.49,4442,2024,11,4,2,20,47,0,16529.0,16319.0,16783.0,13255.0,16498.428571428572,16409.0,15245.633333333333
2024-11-21,16674,10299521.17,4613,2024,11,4,3,21,47,0,16022.0,16623.0,16302.0,13369.0,16456.0,16354.642857142857,15337.866666666667
2024-11-22,16258,10135027.35,4412,2024,11,4,4,22,47,0,16674.0,16469.0,16606.0,13085.0,16463.285714285714,16381.214285714286,15448.033333333333
2024-11-23,16233,9996892.47,4472,2024,11,4,5,23,47,1,16258.0,16597.0,16381.0,13345.0,16433.14285714286,16356.357142857143,15553.8
2024-11-24,15983,10130394.33,4453,2024,11,4,6,24,47,1,16233.0,16655.0,15750.0,12973.0,16381.142857142857,16345.785714285714,15650.066666666668
2024-11-25,16434,10465116.19,4527,2024,11,4,0,25,48,0,15983.0,16297.0,16442.0,13464.0,16285.142857142857,16362.42857142857,15750.4
2024-11-26,16281,9950350.63,4496,2024,11,4,1,26,48,0,16434.0,16529.0,15973.0,12984.0,16304.714285714286,16361.857142857143,15849.4
2024-11-27,15963,9896080.65,4403,2024,11,4,2,27,48,0,16281.0,16022.0,16319.0,13782.0,16269.285714285714,16383.857142857143,15959.3
2024-11-28,15834,9788096.67,4477,2024,11,4,3,28,48,0,15963.0,16674.0,16623.0,13208.0,16260.857142857143,16358.42857142857,16032.0
2024-11-29,15875,9892845.9,4348,2024,11,4,4,29,48,0,15834.0,16258.0,16469.0,13078.0,16140.857142857143,16302.07142857143,16119.533333333333
2024-11-30,16370,10144484.77,4490,2024,11,4,5,30,48,1,15875.0,16233.0,16597.0,12949.0,16086.142857142857,16259.642857142857,16212.766666666666
2024-12-01,17818,11209931.72,4862,2024,12,4,6,1,48,1,16370.0,15983.0,16655.0,16083.0,16105.714285714286,16243.42857142857,16326.8
2024-12-02,17533,10739013.88,4784,2024,12,4,0,2,49,0,17818.0,16434.0,16297.0,16448.0,16367.857142857143,16326.5,16384.633333333335
2024-12-03,17615,10821976.01,4870,2024,12,4,1,3,49,0,17533.0,16281.0,16529.0,16378.0,16524.85714285714,16414.785714285714,16420.8
2024-12-04,17609,10969922.01,4869,2024,12,4,2,4,49,0,17615.0,15963.0,16022.0,16463.0,16715.428571428572,16492.35714285714,16462.033333333333
2024-12-05,17994,11150524.56,5007,2024,12,4,3,5,49,0,17609.0,15834.0,16674.0,16779.0,16950.571428571428,16605.714285714286,16500.233333333334
2024-12-06,17363,10912854.17,4840,2024,12,4,4,6,49,0,17994.0,15875.0,16258.0,16783.0,17259.14285714286,16700.0,16540.733333333334
2024-12-07,17749,10952646.01,4896,2024,12,4,5,7,49,1,17363.0,16370.0,16233.0,16302.0,17471.714285714286,16778.928571428572,16560.066666666666
2024-12-08,17617,10898923.2,4964,2024,12,4,6,8,49,1,17749.0,17818.0,15983.0,16606.0,17668.714285714286,16887.214285714286,16608.3
2024-12-09,18056,11424334.4,4882,2024,12,4,0,9,50,0,17617.0,17533.0,16434.0,16381.0,17640.0,17003.928571428572,16642.0
2024-12-10,17909,10914078.01,4900,2024,12,4,1,10,50,0,18056.0,17615.0,16281.0,15750.0,17714.714285714286,17119.785714285714,16697.833333333332
2024-12-11,17730,11251765.28,4833,2024,12,4,2,11,50,0,17909.0,17609.0,15963.0,16442.0,17756.714285714286,17236.071428571428,16769.8
2024-12-12,17976,11245545.37,4943,2024,12,4,3,12,50,0,17730.0,17994.0,15834.0,15973.0,17774.0,17362.285714285714,16812.733333333334
2024-12-13,17742,10921679.05,4889,2024,12,4,4,13,50,0,17976.0,17363.0,15875.0,16319.0,17771.428571428572,17515.285714285714,16879.5
2024-12-14,17647,11075156.59,4830,2024,12,4,5,14,50,1,17742.0,17749.0,16370.0,16623.0,17825.571428571428,17648.64285714286,16926.933333333334
2024-12-15,17342,10471516.68,4851,2024,12,4,6,15,50,1,17647.0,17617.0,17818.0,16469.0,17811.0,17739.85714285714,16961.066666666666
2024-12-16,17492,10961718.98,4847,2024,12,4,0,16,51,0,17342.0,18056.0,17533.0,16597.0,17771.714285714286,17705.85714285714,16990.166666666668
2024-12-17,17621,10868912.96,4824,2024,12,4,1,17,51,0,17492.0,17909.0,17615.0,16655.0,17691.14285714286,17702.928571428572,17020.0
2024-12-18,17750,10992767.58,4865,2024,12,4,2,18,51,0,17621.0,17730.0,17609.0,16297.0,17650.0,17703.35714285714,17052.2
2024-12-19,17598,11201317.94,4867,2024,12,4,3,19,51,0,17750.0,17976.0,17994.0,16529.0,17652.85714285714,17713.428571428572,17100.633333333335
2024-12-20,17744,11054096.76,4925,2024,12,4,4,20,51,0,17598.0,17742.0,17363.0,16022.0,17598.85714285714,17685.14285714286,17136.266666666666
2024-12-21,17429,11054656.11,4822,2024,12,4,5,21,51,1,17744.0,17647.0,17749.0,16674.0,17599.14285714286,17712.35714285714,17193.666666666668
2024-12-22,17817,10973145.91,4849,2024,12,4,6,22,51,1,17429.0,17342.0,17617.0,16258.0,17568.0,17689.5,17218.833333333332
2024-12-23,17829,10964324.86,4885,2024,12,4,0,23,52,0,17817.0,17492.0,18056.0,16233.0,17635.85714285714,17703.785714285714,17270.8
2024-12-24,17664,11024632.09,4971,2024,12,4,1,24,52,0,17829.0,17621.0,17909.0,15983.0,17684.0,17687.571428571428,17324.0
2024-12-25,18314,11471788.25,5002,2024,12,4,2,25,52,0,17664.0,17750.0,17730.0,16434.0,17690.14285714286,17670.071428571428,17380.033333333333
2024-12-26,17536,10826244.34,4864,2024,12,4,3,26,52,0,18314.0,17598.0,17976.0,16281.0,17770.714285714286,17711.785714285714,17442.7
2024-12-27,17740,10974146.0,4905,2024,12,4,4,27,52,0,17536.0,17744.0,17742.0,15963.0,17761.85714285714,17680.35714285714,17484.533333333333
2024-12-28,16981,10589024.34,4751,2024,12,4,5,28,52,1,17740.0,17429.0,17647.0,15834.0,17761.285714285714,17680.214285714286,17543.766666666666
2024-12-29,17725,10901200.32,4836,2024,12,4,6,29,52,1,16981.0,17817.0,17342.0,15875.0,17697.285714285714,17632.64285714286,17582.0
2024-12-30,17725,11073978.86,4942,2024,12,4,0,30,1,0,17725.0,17829.0,17492.0,16370.0,17684.14285714286,17660.0,17643.666666666668
2024-12-31,17700,11156902.62,4927,2024,12,4,1,31,1,0,17725.0,17664.0,17621.0,17818.0,17669.285714285714,17676.64285714286,17688.833333333332
2025-01-01,11295,7099498.9,3140,2025,1,1,2,1,1,0,17700.0,18314.0,17750.0,17533.0,17674.428571428572,17682.285714285714,17684.9
2025-01-02,11272,7071857.06,3150,2025,1,1,3,2,1,0,11295.0,17536.0,17598.0,17615.0,16671.714285714286,17221.214285714286,17476.966666666667
2025-01-03,11490,7203228.5,3135,2025,1,1,4,3,1,0,11272.0,17740.0,17744.0,17609.0,15776.857142857143,16769.35714285714,17265.533333333333
2025-01-04,10733,6647188.44,3004,2025,1,1,5,4,1,1,11490.0,16981.0,17429.0,17994.0,14884.0,16322.642857142857,17061.566666666666
2025-01-05,11113,6908829.63,3055,2025,1,1,6,5,1,1,10733.0,17725.0,17817.0,17363.0,13991.42857142857,15844.357142857143,16819.533333333333
2025-01-06,11016,6770696.06,3068,2025,1,1,0,6,2,0,11113.0,17725.0,17829.0,17749.0,13046.857142857143,15365.5,16611.2
2025-01-07,11642,7285171.54,3190,2025,1,1,1,7,2,0,11016.0,17700.0,17664.0,17617.0,12088.42857142857,14878.857142857143,16386.766666666666
2025-01-08,10983,6639217.93,3112,2025,1,1,2,8,2,0,11642.0,11295.0,18314.0,18056.0,11223.0,14448.714285714286,16187.6
2025-01-09,11182,6853302.88,3105,2025,1,1,3,9,2,0,10983.0,11272.0,17536.0,17909.0,11178.42857142857,13925.07142857143,15951.833333333334
2025-01-10,11223,6859385.3,3140,2025,1,1,4,10,2,0,11182.0,11490.0,17740.0,17730.0,11165.57142857143,13471.214285714286,15727.6
2025-01-11,11303,6899092.03,3127,2025,1,1,5,11,2,1,11223.0,10733.0,16981.0,17976.0,11127.42857142857,13005.714285714286,15510.7
2025-01-12,11273,6698087.96,3084,2025,1,1,6,12,2,1,11303.0,11113.0,17725.0,17742.0,11208.857142857143,12600.142857142857,15288.266666666666
2025-01-13,11169,6832458.8,3008,2025,1,1,0,13,3,0,11273.0,11016.0,17725.0,17647.0,11231.714285714286,12139.285714285714,15072.633333333333
2025-01-14,11443,6744300.76,3113,2025,1,1,1,14,3,0,11169.0,11642.0,17700.0,17342.0,11253.57142857143,11671.0,14856.7
2025-01-15,11548,7022898.53,3130,2025,1,1,2,15,3,0,11443.0,10983.0,11295.0,17492.0,11225.142857142857,11224.07142857143,14660.066666666668
2025-01-16,11301,7067405.1,3135,2025,1,1,3,16,3,0,11548.0,11182.0,11272.0,17621.0,11305.857142857143,11242.142857142857,14461.933333333332
2025-01-17,11379,6898592.38,3163,2025,1,1,4,17,3,0,11301.0,11223.0,11490.0,17750.0,11322.857142857143,11244.214285714286,14251.266666666666
2025-01-18,11423,7101819.81,3129,2025,1,1,5,18,3,1,11379.0,11303.0,10733.0,17598.0,11345.142857142857,11236.285714285714,14038.9
2025-01-19,11332,6552273.88,3137,2025,1,1,6,19,3,1,11423.0,11273.0,11113.0,17744.0,11362.285714285714,11285.57142857143,13833.066666666668
2025-01-20,11190,6536319.04,3099,2025,1,1,0,20,4,0,11332.0,11169.0,11016.0,17429.0,11370.714285714286,11301.214285714286,13619.333333333334
2025-01-21,11546,6557531.31,3157,2025,1,1,1,21,4,0,11190.0,11443.0,11642.0,17817.0,11373.714285714286,11313.642857142857,13411.366666666667
2025-01-22,10990,6620345.19,3045,2025,1,1,2,22,4,0,11546.0,11548.0,10983.0,17829.0,11388.42857142857,11306.785714285714,13202.333333333334
2025-01-23,11752,6796575.25,3213,2025,1,1,3,23,4,0,10990.0,11301.0,11182.0,17664.0,11308.714285714286,11307.285714285714,12974.366666666667
2025-01-24,11510,6801207.68,3144,2025,1,1,4,24,4,0,11752.0,11379.0,11223.0,18314.0,11373.142857142857,11348.0,12777.3
2025-01-25,11149,6458667.66,3066,2025,1,1,5,25,4,1,11510.0,11423.0,11303.0,17536.0,11391.857142857143,11368.5,12550.5
2025-01-26,11358,6646828.38,3174,2025,1,1,6,26,4,1,11149.0,11332.0,11273.0,17740.0,11352.714285714286,11357.5,12337.6
2025-01-27,11686,6902935.57,3136,2025,1,1,0,27,5,0,11358.0,11190.0,11169.0,16981.0,11356.42857142857,11363.57142857143,12124.866666666667
2025-01-28,11126,6605582.72,3110,2025,1,1,1,28,5,0,11686.0,11546.0,11443.0,17725.0,11427.285714285714,11400.5,11948.366666666667
2025-01-29,11282,6587283.75,3135,2025,1,1,2,29,5,0,11126.0,10990.0,11548.0,17725.0,11367.285714285714,11377.857142857143,11728.4
2025-01-30,11165,6800380.18,3101,2025,1,1,3,30,5,0,11282.0,11752.0,11301.0,17700.0,11409.0,11358.857142857143,11513.633333333333
2025-01-31,11415,6876317.98,3062,2025,1,1,4,31,5,0,11165.0,11510.0,11379.0,11295.0,11325.142857142857,11349.142857142857,11295.8
2025-02-01,11853,7056419.13,3339,2025,2,1,5,1,5,1,11415.0,11149.0,11423.0,11272.0,11311.57142857143,11351.714285714286,11299.8
2025-02-02,11781,6898466.17,3222,2025,2,1,6,2,5,1,11853.0,11358.0,11332.0,11490.0,11412.142857142857,11382.42857142857,11319.166666666666
2025-02-03,11481,6982745.59,3207,2025,2,1,0,3,6,0,11781.0,11686.0,11190.0,10733.0,11472.57142857143,11414.5,11328.866666666667
2025-02-04,11835,7015601.67,3243,2025,2,1,1,4,6,0,11481.0,11126.0,11546.0,11113.0,11443.285714285714,11435.285714285714,11353.8
2025-02-05,11778,6856732.74,3215,2025,2,1,2,5,6,0,11835.0,11282.0,10990.0,11016.0,11544.57142857143,11455.92857142857,11377.866666666667
2025-02-06,11965,6901841.18,3275,2025,2,1,3,6,6,0,11778.0,11165.0,11752.0,11642.0,11615.42857142857,11512.214285714286,11403.266666666666
2025-02-07,11904,4047574.08,3270,2025,2,1,4,7,6,0,11965.0,11415.0,11510.0,10983.0,11729.714285714286,11527.42857142857,11414.033333333333
2025-02-08,11671,4055361.5100000002,3248,2025,2,1,5,8,6,1,11904.0,11853.0,11149.0,11182.0,11799.57142857143,11555.57142857143,11444.733333333334
2025-02-09,11832,4208832.21,3225,2025,2,1,6,9,6,1,11671.0,11781.0,11358.0,11223.0,11773.57142857143,11592.857142857143,11461.033333333333
2025-02-10,11849,4270291.67,3286,2025,2,1,0,10,7,0,11832.0,11481.0,11686.0,11303.0,11780.857142857143,11626.714285714286,11481.333333333334
2025-02-11,11397,3928652.27,3221,2025,2,1,1,11,7,0,11849.0,11835.0,11126.0,11273.0,11833.42857142857,11638.357142857143,11499.533333333333
2025-02-12,11830,4150644.48,3286,2025,2,1,2,12,7,0,11397.0,11778.0,11282.0,11169.0,11770.857142857143,11657.714285714286,11503.666666666666
2025-02-13,11886,3986065.19,3263,2025,2,1,3,13,7,0,11830.0,11965.0,11165.0,11443.0,11778.285714285714,11696.857142857143,11525.7
2025-02-14,11680,4188106.58,3253,2025,2,1,4,14,7,0,11886.0,11904.0,11415.0,11548.0,11767.0,11748.357142857143,11540.466666666667
2025-02-15,12482,4391995.07,3389,2025,2,1,5,15,7,1,11680.0,11671.0,11853.0,11301.0,11735.0,11767.285714285714,11544.866666666667
2025-02-16,11958,4128113.6,3319,2025,2,1,6,16,7,1,12482.0,11832.0,11781.0,11379.0,11850.857142857143,11812.214285714286,11584.233333333334
2025-02-17,11906,4203962.98,3208,2025,2,1,0,17,8,0,11958.0,11849.0,11481.0,11423.0,11868.857142857143,11824.857142857143,11603.533333333333
2025-02-18,11615,4022226.1,3257,2025,2,1,1,18,8,0,11906.0,11397.0,11835.0,11332.0,11877.0,11855.214285714286,11619.633333333333
2025-02-19,11889,4111402.07,3252,2025,2,1,2,19,8,0,11615.0,11830.0,11778.0,11190.0,11908.142857142857,11839.5,11629.066666666668
2025-02-20,11862,4150313.02,3254,2025,2,1,3,20,8,0,11889.0,11886.0,11965.0,11546.0,11916.57142857143,11847.42857142857,11652.366666666667
2025-02-21,11363,4085590.91,3164,2025,2,1,4,21,8,0,11862.0,11680.0,11904.0,10990.0,11913.142857142857,11840.07142857143,11662.9
2025-02-22,11751,4128330.42,3273,2025,2,1,5,22,8,1,11363.0,12482.0,11671.0,11752.0,11867.857142857143,11801.42857142857,11675.333333333334
2025-02-23,11446,3913918.61,3239,2025,2,1,6,23,8,1,11751.0,11958.0,11832.0,11510.0,11763.42857142857,11807.142857142857,11675.3
2025-02-24,11708,4125518.04,3244,2025,2,1,0,24,9,0,11446.0,11906.0,11849.0,11149.0,11690.285714285714,11779.57142857143,11673.166666666666
2025-02-25,11829,7326902.04,3282,2025,2,1,1,25,9,0,11708.0,11615.0,11397.0,11358.0,11662.0,11769.5,11691.8
2025-02-26,11687,7088582.3,3240,2025,2,1,2,26,9,0,11829.0,11889.0,11830.0,11686.0,11692.57142857143,11800.357142857143,11707.5
2025-02-27,11738,7275597.76,3223,2025,2,1,3,27,9,0,11687.0,11862.0,11886.0,11126.0,11663.714285714286,11790.142857142857,11707.533333333333
2025-02-28,12226,7453042.99,3421,2025,2,1,4,28,9,0,11738.0,11363.0,11680.0,11282.0,11646.0,11779.57142857143,11727.933333333332
2025-03-01,12845,7855266.7,3503,2025,3,1,5,1,9,1,12226.0,11751.0,12482.0,11165.0,11769.285714285714,11818.57142857143,11759.4
2025-03-02,12647,7783862.6,3463,2025,3,1,6,2,9,1,12845.0,11446.0,11958.0,11415.0,11925.57142857143,11844.5,11815.4
2025-03-03,12278,7563880.69,3400,2025,3,1,0,3,10,0,12647.0,11708.0,11906.0,11853.0,12097.142857142857,11893.714285714286,11856.466666666667
2025-03-04,13085,8066306.93,3576,2025,3,1,1,4,10,0,12278.0,11829.0,11615.0,11781.0,12178.57142857143,11920.285714285714,11870.633333333333
2025-03-05,12397,7908380.65,3448,2025,3,1,2,5,10,0,13085.0,11687.0,11889.0,11481.0,12358.0,12025.285714285714,11914.1
2025-03-06,12281,7849797.95,3396,2025,3,1,3,6,10,0,12397.0,11738.0,11862.0,11835.0,12459.42857142857,12061.57142857143,11944.633333333333
2025-03-07,13103,8095654.43,3576,2025,3,1,4,7,10,0,12281.0,12226.0,11363.0,11778.0,12537.0,12091.5,11959.5
2025-03-08,12543,7764584.16,3516,2025,3,1,5,8,10,1,13103.0,12845.0,11751.0,11965.0,12662.285714285714,12215.785714285714,12003.666666666666
2025-03-09,13046,7911599.84,3615,2025,3,1,6,9,10,1,12543.0,12647.0,11446.0,11904.0,12619.142857142857,12272.357142857143,12022.933333333332
2025-03-10,12652,7622023.75,3389,2025,3,1,0,10,11,0,13046.0,12278.0,11708.0,11671.0,12676.142857142857,12386.642857142857,12061.0
2025-03-11,12728,7780229.57,3492,2025,3,1,1,11,11,0,12652.0,13085.0,11829.0,11832.0,12729.57142857143,12454.07142857143,12093.7
2025-03-12,12777,7853956.21,3503,2025,3,1,2,12,11,0,12728.0,12397.0,11687.0,11849.0,12678.57142857143,12518.285714285714,12123.566666666668
2025-03-13,12688,7607990.91,3484,2025,3,1,3,13,11,0,12777.0,12281.0,11738.0,11397.0,12732.857142857143,12596.142857142857,12154.5
2025-03-14,12970,7935586.11,3551,2025,3,1,4,14,11,0,12688.0,13103.0,12226.0,11830.0,12791.0,12664.0,12197.533333333333
2025-03-15,12638,7543265.02,3483,2025,3,1,5,15,11,1,12970.0,12543.0,12845.0,11886.0,12772.0,12717.142857142857,12235.533333333333
2025-03-16,12343,7491092.23,3439,2025,3,1,6,16,11,1,12638.0,13046.0,12647.0,11680.0,12785.57142857143,12702.357142857143,12260.6
2025-03-17,12345,7472968.32,3502,2025,3,1,0,17,12,0,12343.0,12652.0,12278.0,12482.0,12685.142857142857,12680.642857142857,12282.7
2025-03-18,13128,7910065.73,3636,2025,3,1,1,18,12,0,12345.0,12728.0,13085.0,11958.0,12641.285714285714,12685.42857142857,12278.133333333333
2025-03-19,12623,7511097.77,3479,2025,3,1,2,19,12,0,13128.0,12777.0,12397.0,11906.0,12698.42857142857,12688.5,12317.133333333333
2025-03-20,12355,7362195.39,3513,2025,3,1,3,20,12,0,12623.0,12688.0,12281.0,11615.0,12676.42857142857,12704.642857142857,12341.033333333333
2025-03-21,12343,7336288.96,3429,2025,3,1,4,21,12,0,12355.0,12970.0,13103.0,11889.0,12628.857142857143,12709.92857142857,12365.7
2025-03-22,12275,7587480.88,3467,2025,3,1,5,22,12,1,12343.0,12638.0,12543.0,11862.0,12539.285714285714,12655.642857142857,12380.833333333334
2025-03-23,12298,7423908.12,3443,2025,3,1,6,23,12,1,12275.0,12343.0,13046.0,11363.0,12487.42857142857,12636.5,12394.6
2025-03-24,13078,7952037.75,3560,2025,3,1,0,24,13,0,12298.0,12345.0,12652.0,11751.0,12481.0,12583.07142857143,12425.766666666666
2025-03-25,12837,7691621.52,3508,2025,3,1,1,25,13,0,13078.0,13128.0,12728.0,11446.0,12585.714285714286,12613.5,12470.0
2025-03-26,12497,7470390.66,3484,2025,3,1,2,26,13,0,12837.0,12623.0,12777.0,11708.0,12544.142857142857,12621.285714285714,12516.366666666667
2025-03-27,12714,7796366.55,3490,2025,3,1,3,27,13,0,12497.0,12355.0,12688.0,11829.0,12526.142857142857,12601.285714285714,12542.666666666666
2025-03-28,12272,7406561.42,3424,2025,3,1,4,28,13,0,12714.0,12343.0,12970.0,11687.0,12577.42857142857,12603.142857142857,12572.166666666666
2025-03-29,12648,7545528.62,3465,2025,3,1,5,29,13,1,12272.0,12275.0,12638.0,11738.0,12567.285714285714,12553.285714285714,12591.666666666666
2025-03-30,12536,7366622.88,3447,2025,3,1,6,30,13,1,12648.0,12298.0,12343.0,12226.0,12620.57142857143,12554.0,12622.0
2025-03-31,13434,8338918.06,3614,2025,3,1,0,31,14,0,12536.0,13078.0,12345.0,12845.0,12654.57142857143,12567.785714285714,12632.333333333334
2025-04-01,13542,8293828.25,3714,2025,4,2,1,1,14,0,13434.0,12837.0,13128.0,12647.0,12705.42857142857,12645.57142857143,12651.966666666667
2025-04-02,13111,7786967.04,3634,2025,4,2,2,2,14,0,13542.0,12497.0,12623.0,12278.0,12806.142857142857,12675.142857142857,12681.8
2025-04-03,12588,7809874.04,3493,2025,4,2,3,3,14,0,13111.0,12714.0,12355.0,13085.0,12893.857142857143,12710.0,12709.566666666668
2025-04-04,12736,7882263.0,3565,2025,4,2,4,4,14,0,12588.0,12272.0,12343.0,12397.0,12875.857142857143,12726.642857142857,12693.0
2025-04-05,12772,7887834.16,3552,2025,4,2,5,5,14,1,12736.0,12648.0,12275.0,12281.0,12942.142857142857,12754.714285714286,12704.3
2025-04-06,13605,8283691.4,3690,2025,4,2,6,6,14,1,12772.0,12536.0,12298.0,13103.0,12959.857142857143,12790.214285714286,12720.666666666666
2025-04-07,12938,7898386.14,3580,2025,4,2,0,7,15,0,13605.0,13434.0,13078.0,12543.0,13112.57142857143,12883.57142857143,12737.4
2025-04-08,12846,8061631.71,3558,2025,4,2,1,8,15,0,12938.0,13542.0,12837.0,13046.0,13041.714285714286,12873.57142857143,12750.566666666668
2025-04-09,13039,8040756.84,3644,2025,4,2,2,9,15,0,12846.0,13111.0,12497.0,12652.0,12942.285714285714,12874.214285714286,12743.9
2025-04-10,13045,8027097.42,3625,2025,4,2,3,10,15,0,13039.0,12588.0,12714.0,12728.0,12932.0,12912.92857142857,12756.8
2025-04-11,13664,8668531.79,3738,2025,4,2,4,11,15,0,13045.0,12736.0,12272.0,12777.0,12997.285714285714,12936.57142857143,12767.366666666667
2025-04-12,13559,8362256.59,3688,2025,4,2,5,12,15,1,13664.0,12772.0,12648.0,12688.0,13129.857142857143,13036.0,12796.933333333332
2025-04-13,12762,8016848.09,3544,2025,4,2,6,13,15,1,13559.0,13605.0,12536.0,12970.0,13242.285714285714,13101.07142857143,12825.966666666667
2025-04-14,13343,8348355.42,3653,2025,4,2,0,14,16,0,12762.0,12938.0,13434.0,12638.0,13121.857142857143,13117.214285714286,12819.033333333333
2025-04-15,12810,8008228.16,3563,2025,4,2,1,15,16,0,13343.0,12846.0,13542.0,12343.0,13179.714285714286,13110.714285714286,12842.533333333333
2025-04-16,12664,7666300.37,3492,2025,4,2,2,16,16,0,12810.0,13039.0,13111.0,12345.0,13174.57142857143,13058.42857142857,12858.1
2025-04-17,12922,7949397.83,3577,2025,4,2,3,17,16,0,12664.0,13045.0,12588.0,13128.0,13121.0,13026.5,12868.733333333334
2025-04-18,13644,8598494.77,3732,2025,4,2,4,18,16,0,12922.0,13664.0,12736.0,12623.0,13103.42857142857,13050.357142857143,12861.866666666667
2025-04-19,13484,8265836.77,3708,2025,4,2,5,19,16,1,13644.0,13559.0,12772.0,12355.0,13100.57142857143,13115.214285714286,12895.9
2025-04-20,13637,8425067.91,3745,2025,4,2,6,20,16,1,13484.0,12762.0,13605.0,12343.0,13089.857142857143,13166.07142857143,12933.533333333333
2025-04-21,13173,8357571.39,3588,2025,4,2,0,21,17,0,13637.0,13343.0,12938.0,12275.0,13214.857142857143,13168.357142857143,12976.666666666666
2025-04-22,13341,8078579.99,3632,2025,4,2,1,22,17,0,13173.0,12810.0,12846.0,12298.0,13190.57142857143,13185.142857142857,13006.6
2025-04-23,12903,7986238.66,3568,2025,4,2,2,23,17,0,13341.0,12664.0,13039.0,13078.0,13266.42857142857,13220.5,13041.366666666667
2025-04-24,13129,8169746.78,3619,2025,4,2,3,24,17,0,12903.0,12922.0,13045.0,12837.0,13300.57142857143,13210.785714285714,13035.533333333333
2025-04-25,12732,7790665.02,3564,2025,4,2,4,25,17,0,13129.0,13644.0,13664.0,12497.0,13330.142857142857,13216.785714285714,13045.266666666666
2025-04-26,13444,8360048.24,3691,2025,4,2,5,26,17,1,12732.0,13484.0,13559.0,12714.0,13199.857142857143,13150.214285714286,13053.1
2025-04-27,12903,7851752.01,3566,2025,4,2,6,27,17,1,13444.0,13637.0,12762.0,12272.0,13194.142857142857,13142.0,13077.433333333332
2025-04-28,13137,8161562.7,3580,2025,4,2,0,28,18,0,12903.0,13173.0,13343.0,12648.0,13089.285714285714,13152.07142857143,13098.466666666667
2025-04-29,13123,8199335.36,3599,2025,4,2,1,29,18,0,13137.0,13341.0,12810.0,12536.0,13084.142857142857,13137.357142857143,13114.766666666666
2025-04-30,13130,7709999.48,3685,2025,4,2,2,30,18,0,13123.0,12903.0,12664.0,13434.0,13053.0,13159.714285714286,13134.333333333334
2025-05-01,13396,8297732.75,3717,2025,5,2,3,1,18,0,13130.0,13129.0,12922.0,13542.0,13085.42857142857,13193.0,13124.2
2025-05-02,13248,8151671.47,3685,2025,5,2,4,2,18,0,13396.0,12732.0,13644.0,13111.0,13123.57142857143,13226.857142857143,13119.333333333334
2025-05-03,13517,8549135.64,3754,2025,5,2,5,3,18,1,13248.0,13444.0,13484.0,12588.0,13197.285714285714,13198.57142857143,13123.9
2025-05-04,12705,7689526.43,3570,2025,5,2,6,4,18,1,13517.0,12903.0,13637.0,12736.0,13207.714285714286,13200.92857142857,13154.866666666667
2025-05-05,13559,8457238.92,3747,2025,5,2,0,5,19,0,12705.0,13137.0,13173.0,12772.0,13179.42857142857,13134.357142857143,13153.833333333334
2025-05-06,14242,8729062.07,3863,2025,5,2,1,6,19,0,13559.0,13123.0,13341.0,13605.0,13239.714285714286,13161.92857142857,13180.066666666668
2025-05-07,13043,8108808.05,3593,2025,5,2,2,7,19,0,14242.0,13130.0,12903.0,12938.0,13399.57142857143,13226.285714285714,13201.3
2025-05-08,13140,8219858.7,3646,2025,5,2,3,8,19,0,13043.0,13396.0,13129.0,12846.0,13387.142857142857,13236.285714285714,13204.8
2025-05-09,12792,7999273.38,3474,2025,5,2,4,9,19,0,13140.0,13248.0,12732.0,13039.0,13350.57142857143,13237.07142857143,13214.6
2025-05-10,12881,7969207.89,3579,2025,5,2,5,10,19,1,12792.0,13517.0,13444.0,13045.0,13285.42857142857,13241.357142857143,13206.366666666667
2025-05-11,13398,8296050.06,3658,2025,5,2,6,11,19,1,12881.0,12705.0,12903.0,13664.0,13194.57142857143,13201.142857142857,13200.9
2025-05-12,13680,8490427.05,3710,2025,5,2,0,12,20,0,13398.0,13559.0,13137.0,13559.0,13293.57142857143,13236.5,13192.033333333333
2025-05-13,13420,8435816.85,3675,2025,5,2,1,13,20,0,13680.0,14242.0,13123.0,12762.0,13310.857142857143,13275.285714285714,13196.066666666668
2025-05-14,13439,8383505.7299999995,3685,2025,5,2,2,14,20,0,13420.0,13043.0,13130.0,13343.0,13193.42857142857,13296.5,13218.0
2025-05-15,12957,8132405.81,3631,2025,5,2,3,15,20,0,13439.0,13140.0,13396.0,12810.0,13250.0,13318.57142857143,13221.2
2025-05-16,12700,8011597.18,3552,2025,5,2,4,16,20,0,12957.0,12792.0,13248.0,12664.0,13223.857142857143,13287.214285714286,13226.1
2025-05-17,13575,8264775.9,3705,2025,5,2,5,17,20,1,12700.0,12881.0,13517.0,12922.0,13210.714285714286,13248.07142857143,13227.3
2025-05-18,13149,8048912.41,3588,2025,5,2,6,18,20,1,13575.0,13398.0,12705.0,13644.0,13309.857142857143,13252.214285714286,13249.066666666668
2025-05-19,13291,8349923.29,3621,2025,5,2,0,19,21,0,13149.0,13680.0,13559.0,13484.0,13274.285714285714,13283.92857142857,13232.566666666668
2025-05-20,13475,8235980.23,3734,2025,5,2,1,20,21,0,13291.0,13420.0,14242.0,13637.0,13218.714285714286,13264.785714285714,13226.133333333333
2025-05-21,13283,8087263.34,3706,2025,5,2,2,21,21,0,13475.0,13439.0,13043.0,13173.0,13226.57142857143,13210.0,13220.733333333334
2025-05-22,13248,8107563.84,3682,2025,5,2,3,22,21,0,13283.0,12957.0,13140.0,13341.0,13204.285714285714,13227.142857142857,13224.4
2025-05-23,13094,8222136.23,3604,2025,5,2,4,23,21,0,13248.0,12700.0,12792.0,12903.0,13245.857142857143,13234.857142857143,13221.3
2025-05-24,13459,8262226.6,3648,2025,5,2,5,24,21,1,13094.0,13575.0,12881.0,13129.0,13302.142857142857,13256.42857142857,13227.666666666666
2025-05-25,13092,7946582.67,3648,2025,5,2,6,25,21,1,13459.0,13149.0,13398.0,12732.0,13285.57142857143,13297.714285714286,13238.666666666666
2025-05-26,13459,8275033.35,3717,2025,5,2,0,26,22,0,13092.0,13291.0,13680.0,13444.0,13277.42857142857,13275.857142857143,13250.666666666666
2025-05-27,13167,8294170.43,3622,2025,5,2,1,27,22,0,13459.0,13475.0,13420.0,12903.0,13301.42857142857,13260.07142857143,13251.166666666666
2025-05-28,13199,8280810.15,3642,2025,5,2,2,28,22,0,13167.0,13283.0,13439.0,13137.0,13257.42857142857,13242.0,13259.966666666667
2025-05-29,13230,8080934.65,3674,2025,5,2,3,29,22,0,13199.0,13248.0,12957.0,13123.0,13245.42857142857,13224.857142857143,13262.033333333333
2025-05-30,13742,8515912.89,3736,2025,5,2,4,30,22,0,13230.0,13094.0,12700.0,13130.0,13242.857142857143,13244.357142857143,13265.6
2025-05-31,13710,8498986.92,3750,2025,5,2,5,31,22,1,13742.0,13459.0,13575.0,13396.0,13335.42857142857,13318.785714285714,13286.0
2025-06-01,13767,8615412.45,3815,2025,6,2,6,1,22,1,13710.0,13092.0,13149.0,13248.0,13371.285714285714,13328.42857142857,13296.466666666667
2025-06-02,13806,8531808.44,3804,2025,6,2,0,2,23,0,13767.0,13459.0,13291.0,13517.0,13467.714285714286,13372.57142857143,13313.766666666666
2025-06-03,14192,8935033.42,3888,2025,6,2,1,3,23,0,13806.0,13167.0,13475.0,12705.0,13517.285714285714,13409.357142857143,13323.4
2025-06-04,13937,8659075.84,3849,2025,6,2,2,4,23,0,14192.0,13199.0,13283.0,13559.0,13663.714285714286,13460.57142857143,13372.966666666667
2025-06-05,14079,8639363.28,3859,2025,6,2,3,5,23,0,13937.0,13230.0,13248.0,14242.0,13769.142857142857,13507.285714285714,13385.566666666668
2025-06-06,13769,8540104.45,3814,2025,6,2,4,6,23,0,14079.0,13742.0,13094.0,13043.0,13890.42857142857,13566.642857142857,13380.133333333333
2025-06-07,13574,8110597.35,3792,2025,6,2,5,7,23,1,13769.0,13710.0,13459.0,13140.0,13894.285714285714,13614.857142857143,13404.333333333334
2025-06-08,13951,8739965.209999999,3834,2025,6,2,6,8,23,1,13574.0,13767.0,13092.0,12792.0,13874.857142857143,13623.07142857143,13418.8
2025-06-09,13786,8426353.09,3823,2025,6,2,0,9,24,0,13951.0,13806.0,13459.0,12881.0,13901.142857142857,13684.42857142857,13457.433333333332
2025-06-10,13625,8483876.18,3783,2025,6,2,1,10,24,0,13786.0,14192.0,13167.0,13398.0,13898.285714285714,13707.785714285714,13487.6
2025-06-11,13565,8576265.09,3735,2025,6,2,2,11,24,0,13625.0,13937.0,13199.0,13680.0,13817.285714285714,13740.5,13495.166666666666
2025-06-12,13760,8470761.99,3805,2025,6,2,3,12,24,0,13565.0,14079.0,13230.0,13420.0,13764.142857142857,13766.642857142857,13491.333333333334
2025-06-13,14012,8595472.93,3840,2025,6,2,4,13,24,0,13760.0,13769.0,13742.0,13439.0,13718.57142857143,13804.5,13502.666666666666
2025-06-14,13864,8523742.18,3841,2025,6,2,5,14,24,1,14012.0,13574.0,13710.0,12957.0,13753.285714285714,13823.785714285714,13521.766666666666
2025-06-15,13732,8618119.97,3789,2025,6,2,6,15,24,1,13864.0,13951.0,13767.0,12700.0,13794.714285714286,13834.785714285714,13552.0
2025-06-16,13774,8652228.23,3791,2025,6,2,0,16,25,0,13732.0,13786.0,13806.0,13575.0,13763.42857142857,13832.285714285714,13586.4
2025-06-17,13577,8218930.64,3730,2025,6,2,1,17,25,0,13774.0,13625.0,14192.0,13149.0,13761.714285714286,13830.0,13593.033333333333
2025-06-18,13439,8321002.57,3766,2025,6,2,2,18,25,0,13577.0,13565.0,13937.0,13291.0,13754.857142857143,13786.07142857143,13607.3
2025-06-19,13782,8611455.7,3816,2025,6,2,3,19,25,0,13439.0,13760.0,14079.0,13475.0,13736.857142857143,13750.5,13612.233333333334
2025-06-20,13914,8709225.95,3840,2025,6,2,4,20,25,0,13782.0,14012.0,13769.0,13283.0,13740.0,13729.285714285714,13622.466666666667
2025-06-21,13879,8625170.24,3757,2025,6,2,5,21,25,1,13914.0,13864.0,13574.0,13248.0,13726.0,13739.642857142857,13643.5
2025-06-22,13458,8102606.42,3774,2025,6,2,6,22,25,1,13879.0,13732.0,13951.0,13094.0,13728.142857142857,13761.42857142857,13664.533333333333
2025-06-23,13645,8415334.1,3781,2025,6,2,0,23,26,0,13458.0,13774.0,13786.0,13459.0,13689.0,13726.214285714286,13676.666666666666
2025-06-24,14084,8766582.44,3892,2025,6,2,1,24,26,0,13645.0,13577.0,13625.0,13092.0,13670.57142857143,13716.142857142857,13682.866666666667
2025-06-25,14063,8700086.8,3812,2025,6,2,2,25,26,0,14084.0,13439.0,13565.0,13459.0,13743.0,13748.92857142857,13715.933333333332
2025-06-26,13432,8302083.26,3728,2025,6,2,3,26,26,0,14063.0,13782.0,13760.0,13167.0,13832.142857142857,13784.5,13736.066666666668
2025-06-27,13616,8311303.19,3862,2025,6,2,4,27,26,0,13432.0,13914.0,14012.0,13199.0,13782.142857142857,13761.07142857143,13744.9
2025-06-28,13781,8523407.94,3782,2025,6,2,5,28,26,1,13616.0,13879.0,13864.0,13230.0,13739.57142857143,13732.785714285714,13758.8
2025-06-29,13958,8577916.12,3883,2025,6,2,6,29,26,1,13781.0,13458.0,13732.0,13742.0,13725.57142857143,13726.857142857143,13777.166666666666
2025-06-30,13598,8307892.35,3735,2025,6,2,0,30,27,0,13958.0,13645.0,13774.0,13710.0,13797.0,13743.0,13784.366666666667
2025-07-01,12980,8089499.64,3511,2025,7,3,1,1,27,0,13598.0,14084.0,13577.0,13767.0,13790.285714285714,13730.42857142857,13780.633333333333
2025-07-02,12651,7680738.34,3448,2025,7,3,2,2,27,0,12980.0,14063.0,13439.0,13806.0,13632.57142857143,13687.785714285714,13754.4
2025-07-03,12902,8024259.38,3548,2025,7,3,3,3,27,0,12651.0,13432.0,13782.0,14192.0,13430.857142857143,13631.5,13715.9
2025-07-04,12991,8121493.04,3519,2025,7,3,4,4,27,0,12902.0,13616.0,13914.0,13937.0,13355.142857142857,13568.642857142857,13672.9
2025-07-05,12217,7523288.59,3400,2025,7,3,5,5,27,1,12991.0,13781.0,13879.0,14079.0,13265.857142857143,13502.714285714286,13641.366666666667
2025-07-06,12428,7468561.34,3500,2025,7,3,6,6,27,1,12217.0,13958.0,13458.0,13769.0,13042.42857142857,13384.0,13579.3
2025-07-07,12578,7626629.78,3426,2025,7,3,0,7,28,0,12428.0,13598.0,13645.0,13574.0,12823.857142857143,13310.42857142857,13534.6
2025-07-08,12808,7918990.49,3507,2025,7,3,1,8,28,0,12578.0,12980.0,14084.0,13951.0,12678.142857142857,13234.214285714286,13501.4
2025-07-09,12578,7727720.16,3519,2025,7,3,2,9,28,0,12808.0,12651.0,14063.0,13786.0,12653.57142857143,13143.07142857143,13463.3
2025-07-10,12611,7806553.21,3459,2025,7,3,3,10,28,0,12578.0,12902.0,13432.0,13625.0,12643.142857142857,13037.0,13423.033333333333
2025-07-11,12885,8093362.38,3483,2025,7,3,4,11,28,0,12611.0,12991.0,13616.0,13565.0,12601.57142857143,12978.357142857143,13389.233333333334
2025-07-12,13293,8342286.05,3623,2025,7,3,5,12,28,1,12885.0,12217.0,13781.0,13760.0,12586.42857142857,12926.142857142857,13366.566666666668
2025-07-13,12335,7774258.96,3476,2025,7,3,6,13,28,1,13293.0,12428.0,13958.0,14012.0,12740.142857142857,12891.285714285714,13351.0
2025-07-14,12515,7663886.01,3482,2025,7,3,0,14,29,0,12335.0,12578.0,13598.0,13864.0,12726.857142857143,12775.357142857143,13295.1
2025-07-15,13068,8340457.04,3564,2025,7,3,1,15,29,0,12515.0,12808.0,12980.0,13732.0,12717.857142857143,12698.0,13250.133333333333
2025-07-16,12608,7686562.45,3456,2025,7,3,2,16,29,0,13068.0,12578.0,12651.0,13774.0,12755.0,12704.285714285714,13228.0
2025-07-17,12938,8166155.06,3527,2025,7,3,3,17,29,0,12608.0,12611.0,12902.0,13577.0,12759.285714285714,12701.214285714286,13189.133333333333
2025-07-18,12915,8075383.29,3528,2025,7,3,4,18,29,0,12938.0,12885.0,12991.0,13439.0,12806.0,12703.785714285714,13167.833333333334
2025-07-19,12901,8117649.21,3588,2025,7,3,5,19,29,1,12915.0,13293.0,12217.0,13782.0,12810.285714285714,12698.357142857143,13150.366666666667
2025-07-20,12556,7940300.28,3467,2025,7,3,6,20,29,1,12901.0,12335.0,12428.0,13914.0,12754.285714285714,12747.214285714286,13121.0
2025-07-21,12282,7521267.25,3427,2025,7,3,0,21,30,0,12556.0,12515.0,12578.0,13879.0,12785.857142857143,12756.357142857143,13075.733333333334
2025-07-22,12812,7937078.01,3445,2025,7,3,1,22,30,0,12282.0,13068.0,12808.0,13458.0,12752.57142857143,12735.214285714286,13022.5
2025-07-23,12342,7753700.24,3420,2025,7,3,2,23,30,0,12812.0,12608.0,12578.0,13645.0,12716.0,12735.5,13000.966666666667
2025-07-24,12624,7104824.17,3455,2025,7,3,3,24,30,0,12342.0,12938.0,12611.0,14084.0,12678.0,12718.642857142857,12957.533333333333
2025-07-25,12137,6784901.02,3378,2025,7,3,4,25,30,0,12624.0,12915.0,12885.0,14063.0,12633.142857142857,12719.57142857143,12908.866666666667
2025-07-26,12780,7605195.79,3541,2025,7,3,5,26,30,1,12137.0,12901.0,13293.0,13432.0,12522.0,12666.142857142857,12844.666666666666
2025-07-27,12467,7096361.13,3438,2025,7,3,6,27,30,1,12780.0,12556.0,12335.0,13616.0,12504.714285714286,12629.5,12822.933333333332
2025-07-28,13136,7597921.14,3596,2025,7,3,0,28,31,0,12467.0,12282.0,12515.0,13781.0,12492.0,12638.92857142857,12784.633333333333
2025-07-29,12495,7231969.65,3500,2025,7,3,1,29,31,0,13136.0,12812.0,13068.0,13958.0,12614.0,12683.285714285714,12763.133333333333
2025-07-30,13127,7516790.87,3557,2025,7,3,2,30,31,0,12495.0,12342.0,12608.0,13598.0,12568.714285714286,12642.357142857143,12714.366666666667
2025-07-31,12277,7032612.36,3467,2025,7,3,3,31,31,0,13127.0,12624.0,12938.0,12980.0,12680.857142857143,12679.42857142857,12698.666666666666
2025-08-01,13752,7903781.05,3784,2025,8,3,4,1,31,0,12277.0,12137.0,12915.0,12651.0,12631.285714285714,12632.214285714286,12675.233333333334
2025-08-02,14145,8098286.17,3797,2025,8,3,5,2,31,1,13752.0,12780.0,12901.0,12902.0,12862.0,12692.0,12711.933333333332
2025-08-03,13669,7834455.17,3730,2025,8,3,6,3,31,1,14145.0,12467.0,12556.0,12991.0,13057.0,12780.857142857143,12753.366666666667
2025-08-04,13752,7791009.75,3776,2025,8,3,0,4,32,0,13669.0,13136.0,12282.0,12217.0,13228.714285714286,12860.357142857143,12775.966666666667
2025-08-05,14015,7158669.21,3914,2025,8,3,1,5,32,0,13752.0,12495.0,12812.0,12428.0,13316.714285714286,12965.357142857143,12827.133333333333
2025-08-06,13634,7016066.7,3793,2025,8,3,2,6,32,0,14015.0,13127.0,12342.0,12578.0,13533.857142857143,13051.285714285714,12880.033333333333
2025-08-07,14007,7288373.54,3898,2025,8,3,3,7,32,0,13634.0,12277.0,12624.0,12808.0,13606.285714285714,13143.57142857143,12915.233333333334
2025-08-08,13975,7133504.34,3787,2025,8,3,4,8,32,0,14007.0,13752.0,12137.0,12578.0,13853.42857142857,13242.357142857143,12955.2
2025-08-09,13695,7166046.04,3783,2025,8,3,5,9,32,1,13975.0,14145.0,12780.0,12611.0,13885.285714285714,13373.642857142857,13001.766666666666
2025-08-10,14362,7330349.41,3949,2025,8,3,6,10,32,1,13695.0,13669.0,12467.0,12885.0,13821.0,13439.0,13037.9
2025-08-11,14117,7185906.95,3929,2025,8,3,0,11,33,0,14362.0,13752.0,13136.0,13293.0,13920.0,13574.357142857143,13087.133333333333
2025-08-12,13791,6960721.58,3789,2025,8,3,1,12,33,0,14117.0,14015.0,12495.0,12335.0,13972.142857142857,13644.42857142857,13114.6
2025-08-13,13741,6903137.56,3827,2025,8,3,2,13,33,0,13791.0,13634.0,13127.0,12515.0,13940.142857142857,13737.0,13163.133333333333
2025-08-14,13967,7658931.22,3862,2025,8,3,3,14,33,0,13741.0,14007.0,12277.0,13068.0,13955.42857142857,13780.857142857143,13204.0
2025-08-15,14033,7672206.47,3902,2025,8,3,4,15,33,0,13967.0,13975.0,13752.0,12608.0,13949.714285714286,13901.57142857143,13233.966666666667
2025-08-16,13754,7698614.48,3827,2025,8,3,5,16,33,1,14033.0,13695.0,14145.0,12938.0,13958.0,13921.642857142857,13281.466666666667
2025-08-17,13257,7227638.58,3716,2025,8,3,6,17,33,1,13754.0,14362.0,13669.0,12915.0,13966.42857142857,13893.714285714286,13308.666666666666
2025-08-18,13942,7752553.31,3876,2025,8,3,0,18,34,0,13257.0,14117.0,13752.0,12901.0,13808.57142857143,13864.285714285714,13320.066666666668
2025-08-19,14003,7747502.3,3918,2025,8,3,1,19,34,0,13942.0,13791.0,14015.0,12556.0,13783.57142857143,13877.857142857143,13354.766666666666
2025-08-20,14460,8062370.43,3927,2025,8,3,2,20,34,0,14003.0,13741.0,13634.0,12282.0,13813.857142857143,13877.0,13403.0
2025-08-21,13776,8178847.22,3828,2025,8,3,3,21,34,0,14460.0,13967.0,14007.0,12812.0,13916.57142857143,13936.0,13475.6
2025-08-22,14000,8798361.16,3809,2025,8,3,4,22,34,0,13776.0,14033.0,13975.0,12342.0,13889.285714285714,13919.5,13507.733333333334
2025-08-23,13864,8506694.77,3806,2025,8,3,5,23,34,1,14000.0,13754.0,13695.0,12624.0,13884.57142857143,13921.285714285714,13563.0
2025-08-24,14116,8566166.55,3878,2025,8,3,6,24,34,1,13864.0,13257.0,14362.0,12137.0,13900.285714285714,13933.357142857143,13604.333333333334
2025-08-25,14024,8595964.59,3801,2025,8,3,0,25,35,0,14116.0,13942.0,14117.0,12780.0,14023.0,13915.785714285714,13670.3
2025-08-26,13902,8550366.08,3832,2025,8,3,1,26,35,0,14024.0,14003.0,13791.0,12467.0,14034.714285714286,13909.142857142857,13711.766666666666
2025-08-27,13955,8462408.83,3887,2025,8,3,2,27,35,0,13902.0,14460.0,13741.0,13136.0,14020.285714285714,13917.07142857143,13759.6
2025-08-28,13851,8678541.03,3828,2025,8,3,3,28,35,0,13955.0,13776.0,13967.0,12495.0,13948.142857142857,13932.357142857143,13786.9
2025-08-29,13959,8636692.1,3890,2025,8,3,4,29,35,0,13851.0,14000.0,14033.0,13127.0,13958.857142857143,13924.07142857143,13832.1
2025-08-30,14063,8570659.93,3877,2025,8,3,5,30,35,1,13959.0,13864.0,13754.0,12277.0,13953.0,13918.785714285714,13859.833333333334
2025-08-31,14327,8781671.21,3939,2025,8,3,6,31,35,1,14063.0,14116.0,13257.0,13752.0,13981.42857142857,13940.857142857143,13919.366666666667
2025-09-01,14545,9015626.86,4006,2025,9,3,0,1,36,0,14327.0,14024.0,13942.0,14145.0,14011.57142857143,14017.285714285714,13938.533333333333
2025-09-02,14244,8934144.01,3982,2025,9,3,1,2,36,0,14545.0,13902.0,14003.0,13669.0,14086.0,14060.357142857143,13951.866666666667
2025-09-03,14458,9191975.21,3990,2025,9,3,2,3,36,0,14244.0,13955.0,14460.0,13752.0,14134.857142857143,14077.57142857143,13971.033333333333
2025-09-04,14408,8906039.68,4009,2025,9,3,3,4,36,0,14458.0,13851.0,13776.0,14015.0,14206.714285714286,14077.42857142857,13994.566666666668
2025-09-05,15142,9422463.83,4133,2025,9,3,4,5,36,0,14408.0,13959.0,14000.0,13634.0,14286.285714285714,14122.57142857143,14007.666666666666
2025-09-06,14211,9015370.35,3944,2025,9,3,5,6,36,1,15142.0,14063.0,13864.0,14007.0,14455.285714285714,14204.142857142857,14057.933333333332
2025-09-07,14003,8469922.23,3959,2025,9,3,6,7,36,1,14211.0,14327.0,14116.0,13975.0,14476.42857142857,14228.92857142857,14064.733333333334
2025-09-08,14679,9260189.05,3961,2025,9,3,0,8,37,0,14003.0,14545.0,14024.0,13695.0,14430.142857142857,14220.857142857143,14065.666666666666
2025-09-09,14423,8828981.94,3983,2025,9,3,1,9,37,0,14679.0,14244.0,13902.0,14362.0,14449.285714285714,14267.642857142857,14098.466666666667
2025-09-10,15120,9522638.72,4124,2025,9,3,2,10,37,0,14423.0,14458.0,13955.0,14117.0,14474.857142857143,14304.857142857143,14100.5
2025-09-11,14588,9233749.95,4028,2025,9,3,3,11,37,0,15120.0,14408.0,13851.0,13791.0,14569.42857142857,14388.07142857143,14133.933333333332
2025-09-12,15124,9085568.98,4079,2025,9,3,4,12,37,0,14588.0,15142.0,13959.0,13741.0,14595.142857142857,14440.714285714286,14160.5
2025-09-13,14538,8991414.87,3982,2025,9,3,5,13,37,1,15124.0,14211.0,14063.0,13967.0,14592.57142857143,14523.92857142857,14206.6
2025-09-14,14532,8937616.69,3962,2025,9,3,6,14,37,1,14538.0,14003.0,14327.0,14033.0,14639.285714285714,14557.857142857143,14225.633333333333
2025-09-15,15100,9280886.78,4112,2025,9,3,0,15,38,0,14532.0,14679.0,14545.0,13754.0,14714.857142857143,14572.5,14242.266666666666
2025-09-16,14679,9344500.79,4022,2025,9,3,1,16,38,0,15100.0,14423.0,14244.0,13257.0,14775.0,14612.142857142857,14287.133333333333
2025-09-17,14139,8688346.6,3926,2025,9,3,2,17,38,0,14679.0,15120.0,14458.0,13942.0,14811.57142857143,14643.214285714286,14334.533333333333
2025-09-18,14876,9236381.22,4137,2025,9,3,3,18,38,0,14139.0,14588.0,14408.0,14003.0,14671.42857142857,14620.42857142857,14341.1
2025-09-19,13922,8510847.25,3929,2025,9,3,4,19,38,0,14876.0,15124.0,15142.0,14460.0,14712.57142857143,14653.857142857143,14370.2
2025-09-20,14579,8819910.66,3986,2025,9,3,5,20,38,1,13922.0,14538.0,14211.0,13776.0,14540.857142857143,14566.714285714286,14352.266666666666
2025-09-21,14785,8923985.3,4068,2025,9,3,6,21,38,1,14579.0,14532.0,14003.0,14000.0,14546.714285714286,14593.0,14379.033333333333
2025-09-22,14088,8697667.54,3923,2025,9,3,0,22,39,0,14785.0,15100.0,14679.0,13864.0,14582.857142857143,14648.857142857143,14405.2
2025-09-23,14557,8834629.51,4065,2025,9,3,1,23,39,0,14088.0,14679.0,14423.0,14116.0,14438.285714285714,14606.642857142857,14412.666666666666
2025-09-24,14251,8794158.3,3921,2025,9,3,2,24,39,0,14557.0,14139.0,15120.0,14024.0,14420.857142857143,14616.214285714286,14427.366666666667
2025-09-25,14884,9171103.4,3966,2025,9,3,3,25,39,0,14251.0,14876.0,14588.0,13902.0,14436.857142857143,14554.142857142857,14434.933333333332
2025-09-26,14176,8821061.01,3951,2025,9,3,4,26,39,0,14884.0,13922.0,15124.0,13955.0,14438.0,14575.285714285714,14467.666666666666
2025-09-27,14255,8653763.07,3978,2025,9,3,5,27,39,1,14176.0,14579.0,14538.0,13851.0,14474.285714285714,14507.57142857143,14475.033333333333
2025-09-28,14284,8946856.64,3990,2025,9,3,6,28,39,1,14255.0,14785.0,14532.0,13959.0,14428.0,14487.357142857143,14488.5
2025-09-29,14398,8800167.65,3996,2025,9,3,0,29,40,0,14284.0,14088.0,15100.0,14063.0,14356.42857142857,14469.642857142857,14499.333333333334
2025-09-30,14498,8838364.5,3958,2025,9,3,1,30,40,0,14398.0,14557.0,14679.0,14327.0,14400.714285714286,14419.5,14510.5
2025-10-01,13753,8396643.19,3790,2025,10,4,2,1,40,0,14498.0,14251.0,14139.0,14545.0,14392.285714285714,14406.57142857143,14516.2
2025-10-02,13736,8595748.51,3863,2025,10,4,3,2,40,0,13753.0,14884.0,14876.0,14244.0,14321.142857142857,14379.0,14489.8
2025-10-03,14152,8653940.86,3865,2025,10,4,4,3,40,0,13736.0,14176.0,13922.0,14458.0,14157.142857142857,14297.57142857143,14472.866666666667
2025-10-04,13460,8404010.49,3766,2025,10,4,5,4,40,1,14152.0,14255.0,14579.0,14408.0,14153.714285714286,14314.0,14462.666666666666
2025-10-05,14038,8728842.64,3896,2025,10,4,6,5,40,1,13460.0,14284.0,14785.0,15142.0,14040.142857142857,14234.07142857143,14431.066666666668
2025-10-06,14081,8568323.73,3905,2025,10,4,0,6,41,0,14038.0,14398.0,14088.0,14211.0,14005.0,14180.714285714286,14394.266666666666
2025-10-07,14594,9207007.1,3928,2025,10,4,1,7,41,0,14081.0,14498.0,14557.0,14003.0,13959.714285714286,14180.214285714286,14389.933333333332
2025-10-08,14317,8940643.23,3904,2025,10,4,2,8,41,0,14594.0,13753.0,14251.0,14679.0,13973.42857142857,14182.857142857143,14409.633333333333
2025-10-09,13802,8596075.75,3815,2025,10,4,3,9,41,0,14317.0,13736.0,14884.0,14423.0,14054.0,14187.57142857143,14397.566666666668
2025-10-10,13703,8310558.32,3798,2025,10,4,4,10,41,0,13802.0,14152.0,14176.0,15120.0,14063.42857142857,14110.285714285714,14376.866666666667
2025-10-11,13866,8984960.96,3798,2025,10,4,5,11,41,1,13703.0,13460.0,14255.0,14588.0,13999.285714285714,14076.5,14329.633333333333
2025-10-12,14134,8815174.75,3839,2025,10,4,6,12,41,1,13866.0,14038.0,14284.0,15124.0,14057.285714285714,14048.714285714286,14305.566666666668
2025-10-13,13708,8544868.08,3844,2025,10,4,0,13,42,0,14134.0,14081.0,14398.0,14538.0,14071.0,14038.0,14272.566666666668
2025-10-14,14502,9034211.97,3934,2025,10,4,1,14,42,0,13708.0,14594.0,14498.0,14532.0,14017.714285714286,13988.714285714286,14244.9
2025-10-15,13690,8474338.8,3840,2025,10,4,2,15,42,0,14502.0,14317.0,13753.0,15100.0,14004.57142857143,13989.0,14243.9
2025-10-16,14118,8671522.2,3874,2025,10,4,3,16,42,0,13690.0,13802.0,13736.0,14679.0,13915.0,13984.5,14196.9
2025-10-17,13175,7846041.28,3786,2025,10,4,4,17,42,0,14118.0,13703.0,14152.0,14139.0,13960.142857142857,14011.785714285714,14178.2
2025-10-18,14065,8699455.69,3880,2025,10,4,5,18,42,1,13175.0,13866.0,13460.0,14876.0,13884.714285714286,13942.0,14146.066666666668
2025-10-19,13862,8323949.15,3838,2025,10,4,6,19,42,1,14065.0,14134.0,14038.0,13922.0,13913.142857142857,13985.214285714286,14119.033333333333
2025-10-20,14029,8508896.09,3846,2025,10,4,0,20,43,0,13862.0,13708.0,14081.0,14579.0,13874.285714285714,13972.642857142857,14117.033333333333
2025-10-21,13443,8237969.32,3827,2025,10,4,1,21,43,0,14029.0,14502.0,14594.0,14785.0,13920.142857142857,13968.92857142857,14098.7
2025-10-22,13432,7920120.5,3768,2025,10,4,2,22,43,0,13443.0,13690.0,14317.0,14088.0,13768.857142857143,13886.714285714286,14053.966666666667
2025-10-23,13431,8120981.5,3767,2025,10,4,3,23,43,0,13432.0,14118.0,13802.0,14557.0,13732.0,13823.5,14032.1
2025-10-24,13644,8499528.43,3804,2025,10,4,4,24,43,0,13431.0,13175.0,13703.0,14251.0,13633.857142857143,13797.0,13994.566666666668
2025-10-25,13484,8255162.01,3734,2025,10,4,5,25,43,1,13644.0,14065.0,13866.0,14884.0,13700.857142857143,13792.785714285714,13974.333333333334
2025-10-26,13811,8556033.96,3809,2025,10,4,6,26,43,1,13484.0,13862.0,14134.0,14176.0,13617.857142857143,13765.5,13927.666666666666
2025-10-27,13451,8403029.88,3751,2025,10,4,0,27,44,0,13811.0,14029.0,13708.0,14255.0,13610.57142857143,13742.42857142857,13915.5
2025-10-28,13536,8441566.42,3786,2025,10,4,1,28,44,0,13451.0,13443.0,14502.0,14284.0,13528.0,13724.07142857143,13888.7
2025-10-29,13495,8237464.42,3760,2025,10,4,2,29,44,0,13536.0,13432.0,13690.0,14398.0,13541.285714285714,13655.07142857143,13863.766666666666
2025-10-30,13893,8656378.93,3925,2025,10,4,3,30,44,0,13495.0,13431.0,14118.0,14498.0,13550.285714285714,13641.142857142857,13833.666666666666
2025-10-31,13801,8527550.94,3814,2025,10,4,4,31,44,0,13893.0,13644.0,13175.0,13753.0,13616.285714285714,13625.07142857143,13813.5
2025-11-01,17062,10894666.37,4773,2025,11,4,5,1,44,1,13801.0,13484.0,14065.0,13736.0,13638.714285714286,13669.785714285714,13815.1
2025-11-02,15940,10192089.86,4504,2025,11,4,6,2,44,1,17062.0,13811.0,13862.0,14152.0,14149.857142857143,13883.857142857143,13925.966666666667
2025-11-03,16313,10416029.5,4620,2025,11,4,0,3,45,0,15940.0,13451.0,14029.0,13460.0,14454.0,14032.285714285714,13985.566666666668
2025-11-04,16371,10098840.1,4613,2025,11,4,1,4,45,0,16313.0,13536.0,13443.0,14038.0,14862.857142857143,14195.42857142857,14080.666666666666
2025-11-05,16650,10584532.83,4725,2025,11,4,2,5,45,0,16371.0,13495.0,13432.0,14081.0,15267.857142857143,14404.57142857143,14158.433333333332
2025-11-06,16124,10007073.0,4611,2025,11,4,3,6,45,0,16650.0,13893.0,13431.0,14594.0,15718.57142857143,14634.42857142857,14244.066666666668
2025-11-07,16169,10111059.79,4662,2025,11,4,4,7,45,0,16124.0,13801.0,13644.0,14317.0,16037.285714285714,14826.785714285714,14295.066666666668
2025-11-08,16774,10580947.56,4741,2025,11,4,5,8,45,1,16169.0,17062.0,13484.0,13802.0,16375.57142857143,15007.142857142857,14356.8
2025-11-09,16087,10011072.49,4607,2025,11,4,6,9,45,1,16774.0,15940.0,13811.0,13703.0,16334.42857142857,15242.142857142857,14455.866666666667
2025-11-10,16713,10513467.75,4662,2025,11,4,0,10,46,0,16087.0,16313.0,13451.0,13866.0,16355.42857142857,15404.714285714286,14535.333333333334
2025-11-11,16259,10032012.04,4614,2025,11,4,1,11,46,0,16713.0,16371.0,13536.0,14134.0,16412.571428571428,15637.714285714286,14630.233333333334
2025-11-12,16533,10402835.18,4690,2025,11,4,2,12,46,0,16259.0,16650.0,13495.0,13708.0,16396.571428571428,15832.214285714286,14701.066666666668
2025-11-13,15879,8802466.06,4580,2025,11,4,3,13,46,0,16533.0,16124.0,13893.0,14502.0,16379.857142857143,16049.214285714286,14795.233333333334
2025-11-14,16107,8863379.05,4488,2025,11,4,4,14,46,0,15879.0,16169.0,13801.0,13690.0,16344.857142857143,16191.07142857143,14841.133333333333
2025-11-15,16456,9291368.06,4655,2025,11,4,5,15,46,1,16107.0,16774.0,17062.0,14118.0,16336.0,16355.785714285714,14921.7
2025-11-16,15511,8932437.11,4457,2025,11,4,6,16,46,1,16456.0,16087.0,15940.0,13175.0,16290.57142857143,16312.5,14999.633333333333
2025-11-17,15702,8925184.45,4541,2025,11,4,0,17,47,0,15511.0,16713.0,16313.0,14065.0,16208.285714285714,16281.857142857143,15077.5
2025-11-18,16446,9123343.72,4588,2025,11,4,1,18,47,0,15702.0,16259.0,16371.0,13862.0,16063.857142857143,16238.214285714286,15132.066666666668
2025-11-19,15885,8877990.79,4526,2025,11,4,2,19,47,0,16446.0,16533.0,16650.0,14029.0,16090.57142857143,16243.57142857143,15218.2
2025-11-20,16494,9406403.81,4709,2025,11,4,3,20,47,0,15885.0,15879.0,16124.0,13443.0,15998.0,16188.92857142857,15280.066666666668
2025-11-21,16486,9042394.83,4593,2025,11,4,4,21,47,0,16494.0,16107.0,16169.0,13432.0,16085.857142857143,16215.357142857143,15381.766666666666
2025-11-22,16372,9948849.25,4616,2025,11,4,5,22,47,1,16486.0,16456.0,16774.0,13431.0,16140.0,16238.0,15483.566666666668
2025-11-23,15881,9594787.48,4508,2025,11,4,6,23,47,1,16372.0,15511.0,16087.0,13644.0,16128.0,16209.285714285714,15581.6
2025-11-24,16030,9781881.34,4578,2025,11,4,0,24,48,0,15881.0,15702.0,16713.0,13484.0,16180.857142857143,16194.57142857143,15656.166666666666
2025-11-25,15908,9950073.19,4580,2025,11,4,1,25,48,0,16030.0,16446.0,16259.0,13811.0,16227.714285714286,16145.785714285714,15741.033333333333
2025-11-26,15725,9801535.43,4487,2025,11,4,2,26,48,0,15908.0,15885.0,16533.0,13451.0,16150.857142857143,16120.714285714286,15810.933333333332
2025-11-27,16314,9984383.86,4701,2025,11,4,3,27,48,0,15725.0,16494.0,15879.0,13536.0,16128.0,16063.0,15886.733333333334
2025-11-28,16261,10027241.47,4594,2025,11,4,4,28,48,0,16314.0,16486.0,16107.0,13495.0,16102.285714285714,16094.07142857143,15979.333333333334
2025-11-29,16344,9975156.61,4614,2025,11,4,5,29,48,1,16261.0,16372.0,16456.0,13893.0,16070.142857142857,16105.07142857143,16071.533333333333
2025-11-30,16219,10279993.2,4648,2025,11,4,6,30,48,1,16344.0,15881.0,15511.0,13801.0,16066.142857142857,16097.07142857143,16153.233333333334
2025-12-01,17491,10769551.87,5056,2025,12,4,0,1,49,0,16219.0,16030.0,15702.0,17062.0,16114.42857142857,16147.642857142857,16233.833333333334
2025-12-02,17851,11009305.37,5063,2025,12,4,1,2,49,0,17491.0,15908.0,16446.0,15940.0,16323.142857142857,16275.42857142857,16248.133333333333
2025-12-03,17666,10906946.67,5031,2025,12,4,2,3,49,0,17851.0,15725.0,15885.0,16313.0,16600.714285714286,16375.785714285714,16311.833333333334
2025-12-04,18464,11429707.54,5150,2025,12,4,3,4,49,0,17666.0,16314.0,16494.0,16371.0,16878.0,16503.0,16356.933333333332
2025-12-05,17593,10725566.59,5012,2025,12,4,4,5,49,0,18464.0,16261.0,16486.0,16650.0,17185.14285714286,16643.714285714286,16426.7
2025-12-06,18222,11258421.4,5142,2025,12,4,5,6,49,1,17593.0,16344.0,16372.0,16124.0,17375.428571428572,16722.785714285714,16458.133333333335
2025-12-07,18338,11571428.52,5129,2025,12,4,6,7,49,1,18222.0,16219.0,15881.0,16169.0,17643.714285714286,16854.928571428572,16528.066666666666
2025-12-08,17863,10984899.83,5051,2025,12,4,0,8,50,0,18338.0,17491.0,16030.0,16774.0,17946.428571428572,17030.428571428572,16600.366666666665
2025-12-09,17669,10860301.07,4934,2025,12,4,1,9,50,0,17863.0,17851.0,15908.0,16087.0,17999.571428571428,17161.35714285714,16636.666666666668
2025-12-10,17895,11109893.91,5114,2025,12,4,2,10,50,0,17669.0,17666.0,15725.0,16713.0,17973.571428571428,17287.14285714286,16689.4
2025-12-11,17274,10696370.81,4918,2025,12,4,3,11,50,0,17895.0,18464.0,16314.0,16259.0,18006.285714285714,17442.14285714286,16728.8
2025-12-12,17930,11236297.88,5034,2025,12,4,4,12,50,0,17274.0,17593.0,16261.0,16533.0,17836.285714285714,17510.714285714286,16762.633333333335
2025-12-13,18471,11675594.49,5155,2025,12,4,5,13,50,1,17930.0,18222.0,16344.0,15879.0,17884.428571428572,17629.928571428572,16809.2
2025-12-14,17756,11230087.77,4954,2025,12,4,6,14,50,1,18471.0,18338.0,16219.0,16107.0,17920.0,17781.85714285714,16895.6
2025-12-15,18318,11210553.31,5174,2025,12,4,0,15,51,0,17756.0,17863.0,17491.0,16456.0,17836.85714285714,17891.64285714286,16950.566666666666
2025-12-16,17957,11121451.28,5127,2025,12,4,1,16,51,0,18318.0,17669.0,17851.0,15511.0,17901.85714285714,17950.714285714286,17012.633333333335
2025-12-17,18444,11800593.31,5123,2025,12,4,2,17,51,0,17957.0,17895.0,17666.0,15702.0,17943.0,17958.285714285714,17094.166666666668
2025-12-18,18026,11116606.09,4938,2025,12,4,3,18,51,0,18444.0,17274.0,18464.0,16446.0,18021.428571428572,18013.85714285714,17185.566666666666
2025-12-19,18516,11584105.78,5244,2025,12,4,4,19,51,0,18026.0,17930.0,17593.0,15885.0,18128.85714285714,17982.571428571428,17238.233333333334
2025-12-20,18636,11686928.01,5160,2025,12,4,5,20,51,1,18516.0,18471.0,18222.0,16494.0,18212.571428571428,18048.5,17325.933333333334
2025-12-21,18536,11420300.58,5118,2025,12,4,6,21,51,1,18636.0,17756.0,18338.0,16486.0,18236.14285714286,18078.071428571428,17397.333333333332
2025-12-22,19088,11890497.29,5252,2025,12,4,0,22,52,0,18536.0,18318.0,17863.0,16372.0,18347.571428571428,18092.214285714286,17465.666666666668
2025-12-23,18247,11616587.81,5104,2025,12,4,1,23,52,0,19088.0,17957.0,17669.0,15881.0,18457.571428571428,18179.714285714286,17556.2
2025-12-24,18487,11596474.48,5092,2025,12,4,2,24,52,0,18247.0,18444.0,17895.0,16030.0,18499.0,18221.0,17635.066666666666
2025-12-25,18047,11553981.11,5107,2025,12,4,3,25,52,0,18487.0,18026.0,17274.0,15908.0,18505.14285714286,18263.285714285714,17716.966666666667
2025-12-26,18024,11320826.41,5073,2025,12,4,4,26,52,0,18047.0,18516.0,17930.0,15725.0,18508.14285714286,18318.5,17788.266666666666
2025-12-27,18070,11150223.5,4989,2025,12,4,5,27,52,1,18024.0,18636.0,18471.0,16314.0,18437.85714285714,18325.214285714286,17864.9
2025-12-28,18156,11362627.86,5055,2025,12,4,6,28,52,1,18070.0,18536.0,17756.0,16261.0,18357.0,18296.571428571428,17923.433333333334
2025-12-29,18719,11784706.79,5225,2025,12,4,0,29,1,0,18156.0,19088.0,18318.0,16344.0,18302.714285714286,18325.14285714286,17986.6
2025-12-30,18211,11765631.54,5111,2025,12,4,1,30,1,0,18719.0,18247.0,17957.0,16219.0,18250.0,18353.785714285714,18065.766666666666
2025-12-31,18180,11301359.7,5015,2025,12,4,2,31,1,0,18211.0,18487.0,18444.0,17491.0,18244.85714285714,18371.928571428572,18132.166666666668
